id,price
0013d3b5-b41e-40e3-86eb-34e169fd0769,918.41
00288978-506e-40e1-93c8-954390f3032c,517.76
002ce89d-18fc-46c5-8417-a0f5bdc5f731,783.19
00819977-fb9e-4f6c-801a-4743f87974d7,523.04
00946bd9-f5ad-4efb-9e6a-2016d9df1516,139.81
00cf6934-c79e-412e-917d-2c187a3e3395,297.93
00e86191-cb96-490b-bd37-fe57ca14d04f,617.29
00f21a75-e76a-4118-8496-2a165e97966a,487.25
010452b3-d7d1-4021-8666-3f7c0b5a9f50,631.53
011034c8-07cc-420e-a55f-1b447130f15a,974.69
012034c0-5a66-456a-90e6-4aa6afac78f0,648.32
01281002-b015-4873-97b3-64559f6ea458,865.38
0136e0af-53d3-4338-a8f3-e39b8b00a989,770.52
01dc06ac-c953-42db-b117-9a664d28e1be,129.08
0202a584-c586-4c7d-b017-eac20c75df7d,651
0229f411-db27-4bb3-b1f2-35e8fa348eea,780.52
023e20d2-b1a1-4d85-895f-6caf925c0921,348.47
02732411-0387-492e-b213-ec328312fcca,103.99
028091ec-b845-46de-963e-e1ea2ff04008,405.31
02c80bcb-4a90-45a0-9e7c-de5d1b69090a,757.03
03adcc6b-a2f5-4193-8e84-605abe9f222d,441.41
03fbcce2-929a-43b0-8136-482a6f29eb9a,682.07
045699fc-f584-4c96-be5d-bf3a7f344176,976.35
0478584a-3ddc-4f46-a4cb-32827f4d47f6,420.42
048bfcc5-83f8-4507-bc86-f467292839d3,747.84
04a14a8c-1138-4904-a1e4-acf699e9659b,955.76
04b41a25-d911-464c-8fcd-47a79794cf8a,51.52
04e15e67-f0c6-4979-bb94-5b64aa2d87f2,17.33
057a5dc2-65ee-498d-862d-54fc26b0bdff,643.82
05b06cfb-ec6d-4ebd-b5fb-b0c6c82eef7b,875.59
05ccf1bb-9ac7-4f96-8c7e-dfb0bb9f03b6,830.47
05da335e-9727-471d-9ede-7f11015c5214,717.88
060225a2-0440-4a26-b2fe-ad0efee51e73,308.38
0642e6f0-2d04-445f-9e5c-e5dc9ec87028,341.47
0654b6ea-45dd-4f60-821f-42a2171bc80e,917.67
0699bc0b-8b95-4285-8ed2-a9ceed427c57,362.98
06fadb37-eea6-4eca-99fb-87761afd79c6,977.3
071bb16b-8905-4b30-a639-8f5f626d7bfd,898.67
07df5ae0-7a0e-442c-9b67-cee78637ea6c,869.73
080aca49-562c-41a2-83cd-5517e6f237cf,757.74
083934f1-eec4-470e-927d-b478d8d3619e,855.62
085d1b04-017a-4888-a91d-a53c18435a97,962.08
08689a2f-fdf6-4843-abba-ca133836058c,606.55
088db9d8-293c-4ab0-876a-263d5464f25e,450.16
08d2f719-c152-4203-8a0a-8572a6acaa28,114.84
0950a657-290f-4607-b7f8-3af9831e9ffa,12.03
09539f8c-e542-433e-b62a-2567967d8889,934.74
09552e73-d72f-4ab1-b561-a357985bd49f,724.21
096702b7-c36a-4b6e-8614-e521413b7bc4,799.93
09ecd68b-ea0f-4e96-b783-8626a7b0f325,359.3
0a2dd3eb-009e-4b06-86b0-74a36ae4f83d,829.62
0a765a0e-5079-44ec-a4da-550bf94eba96,371.95
0a7e5a67-a539-480a-baaa-94af74eda7f3,100.83
0b3b8a16-1a6a-4dc6-ba06-aabd59d78132,795.67
0b7e08a6-855d-491c-a684-7d1e40bba43d,326.93
0baac7f3-7544-411c-9ec1-1e48095436ce,695.41
0baad8e8-7153-4e9f-b075-f12afe863eef,575.28
0bc9a306-fc0f-451d-a8ae-0daff5295e90,803.42
0bdede99-f7f4-488c-9648-3fd20ca5b188,694.97
0be0b2fe-d46f-471e-b172-6a6df5154c57,509.62
0c9bfc74-5276-4af4-b6bc-41939941495e,418.89
0cd6b880-329d-4fea-aa0b-b14806da392e,908.2
0cde70a8-08e2-4aa6-b72a-6fee1b17c320,780.5
0cee430a-f3b2-4b2d-87d1-d83426f6580b,251.92
0cfe9253-5de5-468f-b11c-3b30337d4554,944.99
0d39d845-230b-4b3f-ac83-dbdefec75521,304.95
0d526037-d1ed-4a1c-9148-d4c53e30f125,318.62
0e0950ec-8ea0-46e4-9dc3-b78f10b46e9f,215.37
0e318950-4965-4281-923e-5824e2387c55,691.13
0e9b8a79-3ed7-4a20-b558-db19d78ed811,416.02
0ec28278-84d0-4076-8cc0-24cc4fc79454,528.98
0ed7e675-a26a-4c6e-b919-df22e7fc7cd9,869.51
0efe5ba2-4552-4d9a-9ba1-0d01879ec133,394.4
0f01548b-0f0e-4d1c-af37-3bf7ad257699,744.18
0f07f114-fa26-4bb7-9817-03dc297d1015,735.56
0f21cf8a-e664-45e4-b691-dcd09b2d101d,669.39
0f312f84-aca9-4e53-9341-25aac96a2a2b,967.45
0f67b758-e52e-46e0-acc4-37a839de3417,749.79
0f6a3397-d5a5-4fc3-a143-8f4449adc47f,403.97
0fa22b09-234b-458e-8c9a-4e8753874687,209.62
0fa40bd7-1bad-47e0-89dd-5154b5991e9b,437.44
0fb291f9-d000-4242-9245-5e44cbf30971,425.02
1021c9d6-e44d-40ee-b270-779cc017fae0,882.9
1065a438-7bc0-4ef8-ab7b-3735a65c90a7,916.15
1067b94a-265d-4df0-a00f-b2fed28e54eb,730.05
109d510a-4d8c-4125-a0c4-ea3c64ee6e15,219.39
10cca1cd-aa6c-486f-b5e0-e36ae610f7c5,649.96
110c0100-867a-4d38-8bca-7a9a787bdc57,111.75
111dbce8-3018-495a-b1f0-eb837b6d55df,165.44
1128f34c-decf-4645-994c-80bb4751d774,918.15
113966aa-3cab-431a-8374-65f21ae92143,951.84
1159f1a7-d63a-428d-9bd1-c2d20cdde59c,224.49
11747789-7381-4170-a263-df2c4e9593e4,405.74
11884045-929c-4a53-a9ab-9286904a7f34,245.67
12157488-b4b5-4574-a7d0-e6c06f349f01,430
121774f8-0451-4c41-82ea-72615c66da83,221.29
123c1f10-7f71-4faa-b92c-558cfe53acbc,273.49
1285d9c0-3a86-41cf-be3c-c70826be8a06,750.83
129ca8e5-74ff-4f6f-9534-8696f0eb879a,848.79
12b2285c-d7cb-4b60-b0c0-331acff4ff70,527.21
12bd30e6-db0d-4efc-b875-2b676bda83a9,33.61
12bfbd98-47a2-4194-aaa3-4b7947a9f0be,859.19
12d61b39-d419-4ecc-b5e1-8be65d4d4754,674.92
130c924e-eba2-4332-bbc0-efa3023a6ee9,698.48
135e5a68-8df5-49a6-9b8e-51cdb492cdf5,573.67
1373babe-3a0c-4a54-9eb9-42a958701a5f,899.46
137ae1b9-ffbb-4d60-80cf-7e493278ab42,221.84
137df236-f5d4-49e1-9980-e76cb8692ade,632.92
1387225c-55ef-4c58-beec-13fe81df36e0,556.1
1393c690-36b5-4782-a7f1-60ab244cfab0,133.52
13c18095-a5f8-4da3-ba22-28031d26e038,171.94
1402f12f-4fb9-4fa1-b06e-b332f18db9e2,110.91
141741d0-c8a8-44c5-b56a-b257ba94f846,614.75
14245e44-9eb7-454e-88b5-88f6f7c1d720,46.43
14884ef6-42b9-41a6-b3d8-3181bfb55bdc,562.86
14b2000b-6899-491f-99d4-4e512a04ca5d,922.53
14c8446e-ecb8-4bcd-a2f6-f4af0fa34de0,21.48
14dcb20d-5695-45e3-8434-bb03ec71a99a,894.33
15292232-69b1-4cd4-8a7b-7ff20c6043f1,510.16
152be3b0-5f64-4ed7-849f-526799e28806,282.44
159e52a8-05f4-4971-b9c5-2d0d49413772,955.61
15b7a268-a0b6-4ffa-bb82-01305f74dc8e,925.54
15e01ddf-b0fe-4286-9f91-1cb179da6bae,544.03
161b58f5-fb7a-4269-8d32-3169b1af6250,189.16
1657e9b9-6fea-4e8f-b821-354ff5e2b535,192.95
1686201b-43f1-430b-82fe-c72857c8668c,229.35
16d3c32b-fd4b-4e6f-aad4-0f156180ffaa,835.8
16e44b9c-f96f-490f-b48b-5b27f6a9aa02,252.21
1730efda-95ae-426c-96a7-023682d1e80f,818.56
1736d406-21a2-46fd-8a4d-dad25e594dcc,719.94
173a14d0-6616-41d2-a183-ab34f3dfe37f,484.43
173e3078-f082-44b1-945b-74bfc48f69f1,979.21
1771d7f4-996d-4413-b931-131c5cc0e492,278.81
17790589-91de-4c4f-b6eb-2f07d2c5effc,768.05
179a8a44-6c87-4a89-becc-bb4aa9ce67f0,48.24
17aea0be-2f11-4aeb-9143-58aaf24a32ca,270.72
17bfb14e-0f52-40e4-943b-7659ec3edb1e,127.17
17cb900a-99e3-4fd0-ab6e-06520f9f718d,835.64
18867039-c7c9-4a8d-90e6-9f224cc4e33b,408.7
189dd53d-2e37-4206-b71f-a351b9ee86dd,95.96
190f268c-1718-4375-83c5-e9308116c350,299.72
19b7e15f-66e4-4568-9755-aeb8687fcc82,311.22
19bfccc8-b7c5-44e7-b35e-ca0a7d613691,386.36
19fff48d-587d-4894-af95-5e3e5a9b8403,846.69
1a27271e-aba3-4c2f-9355-80d3bc348907,630.73
1a451344-374a-444f-961a-7e412bd85d91,20.58
1a567dc4-f5e2-4401-a6e3-714d28745ca4,650.53
1a818ce2-d0e5-47fc-976d-707988f32253,587.34
1a892b08-2fb5-4cad-9f63-db1521030b3c,96.59
1ab75f85-9560-4312-a394-67c859bc7b0f,959.81
1ae95b9b-84a7-4ed3-ba9c-9748c6742964,416.82
1b26ca4a-443f-4b8a-a07c-e063644c3ba8,200.69
1b2b4e85-a80d-4740-a624-22b7a4471509,240.27
1b7f95e1-d376-4390-91b1-0e3a46e6e53f,904.01
1b83aa12-5f18-4e9b-84b0-f5b9849d9c00,935.17
1b869e70-beb7-43bb-baa0-900f2ee5456a,567.87
1b9f32d3-34e3-448c-b892-bb5a0735beef,527.28
1be5b0b9-75bd-4841-bdae-9fa7f5a778c7,756.8
1bea60a3-2383-4128-a0d1-8bc67d9a8bec,922.89
1bf7ee00-6d42-44ae-ab2e-68cd822b5838,333.42
1cad0468-ab8d-4a2d-98ff-47c0cd7d90f0,244.83
1ccb2792-2210-44b7-adb1-68cec567174d,807.01
1cf7039e-634b-4d0d-aa6f-0632a77036b3,833.8
1d506a73-de77-4da4-aa91-5d803015ad9b,779.33
1d527a33-f1c2-46ac-956b-33511b02ca7b,19.46
1d72a6e6-384e-40c1-9bab-e78773250744,568.88
1de528b2-fe68-47b2-8b74-d325555e6c6e,849.5
1e5e8e8b-4822-41ed-93ab-523a80423a1a,724.7
1e76974f-ce67-4f2e-9c34-b8b1355523e2,966.84
1e9b3110-02cf-4028-b666-3eff3f2d6aac,936.48
1ea65fc3-1fab-46ee-aa9b-6a95680574b5,738.13
1eb7ea81-a2eb-42e0-a05d-3f2855db9876,401.22
1ec9da9f-6a68-474d-9e62-e93b83b5d167,306.27
1ee0f525-68b7-4c77-a1f7-2b5ca6713d26,977.48
1f08d4da-704a-4534-86c2-3419070d3b71,313.75
1f128105-7637-4fbd-b3bd-b0bc83432442,825.25
1f76bb72-8b36-474a-83b9-ffeeed52f801,78.44
1f85022b-4a64-428c-8298-b6baf9f10dd3,669.53
1f98403c-4fb2-4101-9b7f-a15c9c282a7d,750.12
1fe9b555-9c98-4775-87c8-3fc048f062c6,142.36
202777a9-99cf-4a48-a4f9-8d213dbae625,157.08
202d5cad-e84a-4c51-b492-f4e86953519f,71.67
205578e6-f267-46ce-9589-5bd6de175acd,668.26
2065a591-6c93-4664-a27b-deed6fb4ffeb,144.21
20973c4b-0cc3-422e-a327-7b0cd0fb4e0e,411.31
20b47213-11fa-49c7-8d8a-6484cdee21a4,21.38
20ebaa4c-7298-41a0-b2f9-b27b293d8d91,448.56
215d7f59-b6a7-406c-b7a3-c34eb1e730b4,711.03
2193ee59-d02a-4e9d-b18a-8e88322c0135,775.4
21cbd192-2682-4a94-b861-9e06bc4fc69d,124.34
221aa3b3-a171-4059-9e7e-5500fca00615,903.33
2227823f-5657-43f3-8388-4f5961473503,324.96
2279ddbb-a144-443f-b7f8-cc310713a34a,289.61
229e2642-90d9-4c4f-9ed9-a7400ca5639d,615.84
22cff0b8-082b-4526-a776-68c244c8b4e6,471.57
22db1e7a-e4f8-4efa-bbca-f0ce86af2079,611.09
230fdc8f-23a0-4d71-aa29-89f924b24b04,47.68
231570a4-982a-42cd-9f1c-b6c79538ab1e,819.64
231f3534-c470-4cf2-935e-91e346242662,146.09
234a0335-1149-4ec6-b11f-8d560509e984,790.32
234c359c-3d1f-4730-9767-174b86f30834,666.49
236f219c-368b-4546-8db2-fff85da77361,84.19
23cb8874-f5d1-4590-9796-ea5fd700adb7,965.47
23e508c1-b931-4bfa-a932-11c9d0c26284,871.34
23fd078d-334a-4b48-a04a-52269e850b93,338.76
248035b4-a8b6-4b5d-a7fa-259148de3826,350.94
24847188-7582-4e1f-97bc-8750019684ba,834.59
252ddc99-0e6b-45dd-81b3-448bd29fabec,765.65
261ab190-4919-417f-970e-15ba8123a1fc,466.19
262132c1-ebfd-47b1-81e0-8ba4d33c4784,467.78
26419168-daf3-4f8e-9340-7dea6c073892,457.24
268dae9c-c206-4eee-849d-59f769790126,67.9
268f7dc0-e7f7-41c8-b553-e7a4e0d0e150,649.39
26980c62-45f9-4306-b742-076b2f3810d8,275.26
269c81d9-f63d-472b-9488-d18bea5d221a,13.64
26da12eb-b388-4df4-8c71-6353747c1634,330.01
270a2d97-0afc-44c5-be11-72746624930b,855.01
2710030d-2383-455d-b8c5-2f2650efdafa,937.97
27283437-a639-4436-9355-03b735ed0b01,173.01
276a460d-be6e-4e56-a33c-9d1e097e45c6,485.93
277220d7-0150-4bfe-9d15-7db2725b0ea3,430.44
27901daf-534d-4d47-b2f6-53c2adb6f9a0,662.6
2798b7e3-5cf1-4c14-8d4f-313bdf2f371e,584.16
27ade6de-211e-4b05-b5be-cc5f8763818a,246.26
27cae41d-2445-4dae-8f1e-f01afeaa9591,140.61
27e50c18-a026-4941-b9e6-3ce89ad07e67,757
27fc174d-6a61-45e2-9f8e-93570b2c3b82,507.17
28526f4b-fd85-437a-8535-6c2385b3186e,594.14
289c4df9-a30e-483f-9373-0347f91f6633,954.94
28b7c55d-c174-4bed-9f5c-9f25872868c0,669.76
28e60340-85f7-4d98-9d05-ff0b5dd7de1a,388.73
28f55d1f-f754-4934-a427-07d485e6a67b,249.2
295b9d22-db0b-42eb-aa9b-592e681bd80e,627.07
2966fced-e50b-41fc-b523-b52f06cf7b11,121.35
29b18811-0855-4607-9ac8-bc511c1f1b5f,284.69
29be84dd-f28a-466a-a416-eff47a196484,653.82
29db6853-d094-420b-8826-fff63fbf9b1e,612.03
29dee879-01fa-4de3-b9de-fce8f68e2a56,159.85
29eb6de4-b44c-488e-b25c-24a32287c1f3,15.82
2a0e41a4-2162-4d6b-b810-68976c40285c,920.84
2a5cd5a0-4db5-418b-99f7-6348968d64bb,228.87
2a6f74ba-880f-423c-b582-14fe2cee84a2,770.66
2a6fd7fa-91d3-4ba8-a779-7b6e193696d9,85.65
2b3d3ebb-7349-4bd3-bad2-1b6d34a03551,883.12
2b5ded50-dde7-4a86-b4b8-757b6e728837,186.15
2b6c7421-8460-4ebb-8c20-2b2301d813a5,744.93
2bc60b47-fa2b-4a22-92ac-3c30d79a2ed4,205.15
2be45ba0-3cec-41f2-9266-d9a6cd71f2fc,300.6
2c00328b-4bd4-458d-a3ba-b5cec4f6eaf4,107.96
2c0f088d-77d4-4406-9738-35a6c54affc5,948.97
2c394b67-c4be-41ee-979a-f74602545b10,88.54
2c787f3f-167d-4b97-b6b3-f8e66bc93caa,456.34
2c7c9fbb-e73d-4ae3-b7c2-55efd5a111e4,113.99
2cca2496-d043-44b0-b303-ae5281f0da4f,811.72
2cffb087-0410-4028-971d-0d37856e0df6,612.39
2d1b09bd-08ca-44c7-a7a7-e427e5b38d1e,505.36
2d49854a-3533-4da9-b225-408674165097,520.95
2d7795a6-685f-4d85-bce1-dd23932301d1,938.89
2d9efc0a-9d5a-42eb-b20f-0c77851c00b5,740.47
2db83dcd-5910-41f9-a4fc-c9c142cc8179,325.45
2dcdbc75-c00b-452b-802c-a2caa8e19ad8,650.76
2ddc162c-e89e-4154-81da-86df8e6751b7,468.56
2df388b6-a671-4c53-bf5d-046a0d68d16d,888.55
2e2ede90-5e7b-40e9-95d8-0178626cde81,749.43
2e5a29ca-1549-4d1c-9ffa-6da3999efecb,957.14
2e9166f3-b87b-4699-a15b-cadb7ff4be71,21.59
2e9214be-c880-4b4c-a721-62b0918ec28e,388.18
2eabdd25-1bb9-43ad-a80f-e03cfdff96a4,661.81
2ec8c5b6-3fa2-4e9b-b01d-48481b01124a,702.17
2ee8850f-66a4-41a3-b81a-32aa1d8c9e64,795.48
2f6545ca-960f-409a-894b-f9f387649e0c,575.99
2f6e88b7-2cc7-4aa4-b11c-9fc447f06abe,48.22
2f74879f-4749-410f-876e-289382e22ed1,143.74
3000c112-0ac8-4bc6-8c3d-02b54b139fbb,230.07
301d9b15-1e13-4134-847b-2fca873d062a,174.56
3045eec9-56c7-4e2c-8168-871d675130f2,74.81
304c6367-466a-4c4d-b206-99c5e00bee62,803.67
308103b8-167c-4e34-8798-cf5cb744e37b,139.57
30b5b1ad-d0d0-4f9a-87de-0aa09a33ea51,874.95
30c8581a-f0e3-46ad-84fb-34b15f7baa61,36.21
30d3b8e4-3177-4f77-8a14-b857fe540c17,457.07
30d9f99b-8f43-4440-886d-bf684214bf25,693.58
3124adc8-3581-44f6-92eb-c67a810aa5ba,840.54
3136115f-649e-464c-b552-aef90cd44d77,123.88
31478cc6-a5b2-4ef4-aecb-0fa2b7d63c17,424.78
31653e87-5cef-466d-9201-6e5359ca8e7e,962.32
31a2dd8b-3631-43a8-bee5-7982723d1338,43.87
31d71f22-f8f4-4829-b904-67db4bbdabba,745.05
31e60ccf-1de4-4b36-84f5-d1af4647541e,51.05
31f3feed-c584-4c5b-911b-1ab4d59a7e1b,232.16
31fdf7b6-69a3-492f-90a2-62c14450e807,503.23
324d058c-63b9-4ce6-9548-fb11445f9c92,485.69
324e42c3-d0d0-4b5f-a4d6-b516987f24cf,120.97
329bfed3-95fb-4448-a42a-96c84a71ca52,933.25
32aaf39d-a168-42b6-ae7a-18a420a7d015,674.37
32e318de-1070-4581-baa1-68ba5302ee46,866.98
33521364-68c2-4ccf-be34-cb529062dc5a,977.36
3371b96e-b0a9-4451-9853-33d20df1bbf6,774.63
33933a14-edbe-45a0-9288-6844193763f4,280.17
3398b6ee-ab87-4720-b1cc-25c507ad245e,940.23
33cf0aa7-ca19-4278-a2ff-f5af8f553a37,226.57
33f0c54c-0f62-4e59-bc3a-a087c0320e66,779.94
342db8c1-0b2c-4e84-a6c6-3039df9da94c,109.32
34b8f5cd-b7ec-4608-a9e7-99bb76d59f29,659.11
35266769-0c62-4c17-90c6-a2c69428448c,476.37
353301f4-dea9-47e5-a608-8e31ab4e1b64,396.14
3549a0e1-c478-47ad-afe3-b3e0841c029a,809.62
35629e49-42d6-449b-ab67-bd7628b9ccba,70.83
35abc8f7-369e-4413-ae04-3f215126f734,926.3
35bc8b9c-ce60-4a13-9416-f56cee04ffac,218.08
36042498-8ff1-4988-80ec-e5a9b4e0a33c,318.25
360cf951-ad6c-4dbe-a0da-a8049164dcdb,396.78
36414f96-553d-4160-b887-e5f437807ff0,761.84
365616a0-aa88-48da-82ab-f66670cad6af,835.17
36848fa9-f349-41c8-b529-b110f982b84d,82.99
369cee65-1de3-47d4-99b2-27b0ab3baea8,706.68
36a19e54-3282-460e-a581-abe77ab72924,923.09
36e0f457-24af-4552-85f9-628bcbdfa699,488.08
370d8df4-7927-47b3-8894-93e408634feb,269.52
3712ea2b-9bd6-4c23-8fcb-9974716e04fe,542.18
37274a9d-d5a9-477f-9576-aa583d1b9731,642.33
37338a1a-fdf4-4cb2-b646-5335627556d8,754.18
3736b6d2-7e71-4882-a070-a550ee9f5f67,765.84
374ac9bf-accb-421e-9e51-c02037a7a794,509.54
3767eca5-4f3a-40f4-b3be-224d855e653a,815.88
378b0a29-8523-4f41-8fed-210964a31be8,460.18
379cbadc-a936-4e74-a4e4-3b5a288b9658,293.18
379f5ae9-8d30-41d3-8f68-d0e28de67f3f,122.33
37dbd81f-4c1d-4147-b286-2f7053d3d55b,61.37
37fbaced-1f61-40fe-bf0c-6b2b597a6399,641.1
38066fdf-07b7-4df2-a233-9c2a5b12c7b3,147.24
381193da-96a4-4130-9137-cd48d714e391,508.01
381db4b6-e6b4-4fd3-a9bb-355234749d83,893.46
382d3350-cd28-47d1-96c3-0ba1f7804eb6,816.49
38765110-adc6-47c5-a6ee-e9e8b284fba2,510.83
38913c5c-bd9e-40dc-a937-4d94e8d49b5a,229.43
38934ea9-8bc7-4525-aa54-844fb5796272,117.18
38e74190-65d4-420e-9eed-6d8e5e6825a4,180.62
392a44a2-a7ba-4026-9dd1-68fa37d019f6,904.95
3934d05a-65dd-41ad-8037-3240c5dc6a15,16.09
39547b0a-7cf4-4d40-846b-b06537e36c31,340.8
3960a294-7f93-4d1d-9e75-7243b5a387d4,854.78
39afa9be-68d1-4371-8079-f8d21601001b,244.31
39e53c77-e1fb-4bcb-9e97-be12eda33131,225.71
39ef3868-bd53-436e-aeca-40523cbff1df,249.47
3a023cd7-f894-4e77-afa1-4bafee0a38ea,888.55
3a245dfa-2886-4df8-a210-b073b449a744,633.31
3a2e3b62-59f6-4365-8d88-7525b877681b,158.32
3a43667d-17fe-4e58-8858-046203f18ee3,662.59
3a71632a-7bf5-4fec-aa86-c5aad889b8d7,727.57
3a71d58d-dd36-4db3-8ebd-45c86d117bd5,808.59
3a86a508-3a27-46fa-8a87-1548c6ec1579,956.05
3ab7768c-1db2-431d-9eef-72c7f867c08d,857.48
3acd2b2d-7987-4d35-b67a-bd8fee055294,884.28
3b872941-84e7-482f-a568-8753d811655a,952.14
3ba9e4d2-fbc5-44fd-b355-143e639b222b,900.69
3bc01d50-f356-4dca-949e-5fb2e50e6ec9,834.27
3bc70120-3d8d-471e-9c49-06e062a91875,865.84
3bd8ffd1-3840-4d4e-826f-252b5e9e78df,139.11
3bea15c7-afdb-4907-924a-4ef2c4988cd5,416.07
3c0e1a98-7325-4234-82d4-80bdfbed8776,678.69
3c2e16a8-772f-4c8b-990a-e1bb08a7eb0e,839.05
3c2f7342-80aa-4f16-839c-4b8ccc31b9e0,447.67
3c478824-a136-4717-b1e2-e0b7a9516ddb,936.05
3c857136-e14b-4be6-8af8-9602b8194d1d,98.4
3cf8aa92-7fd3-4edd-9b26-137404c80275,668.24
3cff0544-c891-4ca1-a626-a20132efc73f,360.83
3d163cca-717d-49a6-97b6-ebdd924e522b,267.64
3d3076c7-9b54-4966-ba4f-1f853fb89352,920.78
3d721491-41a9-4378-bdd5-807caa9ba264,849.09
3e39f6e3-5e55-499f-bf65-da570ef9da0a,891.42
3e52a1ec-33ab-4b50-bf58-f04a7eb8723d,677.45
3e899b8b-441a-4602-a210-bcf7847b445b,162.55
3e9d83a2-8366-49b0-98d5-47a79d849ec4,864.73
3eb129db-d89b-414f-a063-075ec4791a2c,40.07
3ec29acb-dc82-40e8-9980-2d38770e3cb0,291.16
3ed70a3d-b230-47d8-926c-d80ea796519c,767.19
3edd7abd-5767-4f64-bc68-4f21326b93e3,903.55
3ee32209-4f3f-4695-8600-ea373eabd35e,102.78
3ee57ef2-dc29-4123-8d99-3dbe9d0cc953,384.82
3f11d0ab-405f-417e-a7e1-0fc08fc7ac69,247.18
3f356fba-a4a9-41e2-a11a-8826d15b6402,589.22
3f3f58b8-778d-4013-82f5-b40479b0c911,390.58
3f64c2f5-ccc0-48e4-aafa-8f3efa4496ea,738.75
3f8dcd9c-0e3a-447d-bc7f-1e84e8894185,99.07
3fa20b0d-600a-4492-aaaa-bf33ae8d6bda,109.58
3faf85a9-7df3-4664-a375-24434ccec5c7,493.02
3fbc16eb-8ffc-4c96-ae32-c11c11e3b274,46.52
3fc60512-f17f-4d77-9d9a-feb14f7f13b6,972.38
3fffcbf6-80d5-49c3-82fe-aa9b3105d502,839.4
402c7ef1-357d-444c-b289-dca02aed4b9d,983
40a65cfd-438c-41b3-9df7-0f1a26db9cce,456.4
40b8e825-2a2e-4c96-96d2-b3fd7feaebae,284.02
40d38423-d58d-4806-b2a9-6b364a407827,642.55
40dfe765-0e4c-44f9-8f4c-4c78cf31c451,903.58
40ef2f51-a92f-4659-8d8d-fe8d28d436d8,771.36
42329313-630e-4f0c-a2f9-6f2c76b7e9a4,332.16
42829be3-99e0-4a71-8047-9076bd7d027c,451.06
42e50b38-5e05-4bcb-8815-602785fd7b1c,67.92
42ee3b98-354b-4e16-83d3-12b8dde1ec88,131.49
4312db99-4d10-4f23-b5d0-e15323e04306,780.11
431645b6-6fb9-454f-a298-aeec753f8aa8,817.47
4341ae8b-eb70-472b-8d28-0258468b41d2,635.77
43554b3f-2cea-4596-84e3-1b336880e7f5,36.29
43b477a5-c1e4-4b19-b2a5-07e226beda46,945.52
443954a7-cbc6-46bc-a2a4-385ea7dd44fe,471.99
446eebb9-c339-45c8-b29e-760e56f969a7,222.46
44e5425b-ec7c-4af7-a061-831967de2bb2,353.74
453f9b71-ddd8-4640-b181-c72763833e43,617.51
45a78115-6a99-4e7d-80af-4e59292bac9d,377.86
45ac29be-b1c6-478f-bd91-bebacf59da04,56.53
4614126c-e9c0-4186-9dbe-528e48a6a7ed,664.74
46bb9411-a3bf-456e-a202-c0b6c8d8accf,515.64
46c6d119-312d-4023-a45e-1aa2f598839c,530.06
46e8f6c9-2b67-4757-9b07-d60a25f3ce8f,90.28
4765db4b-2ad2-4ee1-8f31-9d9ad9a2a3a2,499.86
4779be55-e4ce-4525-943b-e7b363b4aa8e,361.44
47c60517-d230-4b17-9b6d-e6f1459b4cda,912.75
47f0c270-544f-4a95-8c62-610804ab53a3,432.09
47f60220-4256-485e-8998-7903526d7e00,402.77
48058793-68d0-429c-a1b7-b87abc6f2f57,629.43
481027f7-a9d3-4f75-ad5d-7650ebe076ca,528.61
481778b2-7280-4368-b0a9-82fdbbda131e,354.51
4821ba05-6fa6-4378-9a17-ce392d61234f,568.3
48593b7d-6b51-4f43-a111-529838ab2004,847.23
485df766-c84b-4d54-af9e-48d30a100955,757.29
48deefec-2439-42e2-a1d1-39477b37da84,193.89
48fa800a-a345-4627-9e7f-d8f4ad7821bf,550.49
493acef5-094e-44d2-adca-224734635148,295.56
49436bd0-0062-4224-9567-a48292b81462,812.29
49ae931f-67ab-4ea3-846e-6c72eb7d2c6d,652.49
49d653ff-4b91-47a0-8370-b9fd20146b1a,394.94
4a0f7368-4148-4f54-bb9f-4e549a2cf053,153.12
4a2fe180-5110-4daa-b330-5fe2d3ff40da,52.8
4a3e1f51-2bc8-43fb-be63-860d48eb5358,65.38
4a3ea36e-970a-4bce-8598-12454b2d2e46,494.58
4a6f146c-bb01-4a49-8f23-11c744a16ce3,958.08
4aa60e7a-aedf-408d-9178-b0a78114f7ba,973.16
4ae7a048-5311-463d-bbcc-a4f361889172,907.23
4af2d952-8fc7-441a-b046-bc7cc9081c88,947.02
4b1ad225-d1bf-45b1-8edf-555684308af0,217.84
4b4c5ed8-4901-4b46-a7b9-1767996dd8a6,830.93
4b682b42-0c46-4b3e-861c-25577b02a40c,671.33
4b6920cf-c360-47ed-9b26-bbf4cb6de1fb,294.06
4bcbbaf4-f9cc-4cf2-b12a-486f9b9d0837,147.68
4bdc252c-5868-4863-8592-7957f9e5e8a8,492.86
4c033677-f1ff-4403-aed7-a302542e5e80,825.77
4c294e2f-b647-4a99-986f-8c9a7467a5f4,870.75
4c49c447-03f3-47f7-9c9b-9b1c5841c9aa,238.72
4c612abf-f22a-40cf-895c-98a4681b2481,274.3
4c955559-3998-45da-b57f-73d9470fd7a9,354.69
4ca6249e-3dc1-4c4c-b3b8-54b2006c7d2c,156.47
4cd8dd18-b9b6-4996-bd3c-563379b8a31b,819.43
4cd9d188-23ec-4cb9-875a-b5e462bd9951,353.9
4ce4b8f2-08dd-4e6e-9e95-19463369aae9,879.3
4cfe4f95-0dc3-4bb6-ba67-e4d2d78628ae,891.68
4d1013f6-141b-446d-91fe-0a04e748906c,649.51
4d363b61-869c-49d6-bf5b-9294178f5f58,619.95
4d6d07d5-8754-4f90-9344-533e3b6f1235,296.22
4db9a058-5ee5-4765-8e54-dbfb2519bd8d,286.23
4deb8eb5-f397-4060-8064-eb7f20f8258f,672.19
4df0c377-1878-48c4-9f05-5ba1596bee0b,215.23
4e35bb91-e3a8-4458-926c-0de10d2b92ef,67.01
4e4d1d6d-ad6b-444f-9d67-af282b8c936d,698.91
4e5ba2b9-8399-4237-865d-c364e2f923c5,411.39
4e8665d7-d895-4181-b9a7-85fe651e1d49,428.35
5004f354-4f84-42b3-ac4e-f71484acfa43,622.63
50115b58-5f5d-4068-a217-ac5eaf1a489b,865.28
5072a89f-10a0-4e9c-a11e-6f0b3ee15b07,748.14
50894b79-adf6-4d63-8628-ac8bbe3f931d,941.63
50a62ad6-23e2-4a1f-90b5-f1c7003e26e2,311.8
50b9a2f7-28ab-452e-83a8-9ec65ae78128,627.8
50db9687-66a3-4af5-8354-42f347ea84ad,175.47
50e5ddeb-0bec-4dd1-be2e-869f04c50d32,667.33
50ea1c5d-4de4-4055-97c4-45d87256326e,498.64
512f79c2-b2b8-4e82-bdd8-c60592aecb83,209.69
515877e4-5431-46db-8934-349d74cf204e,359.83
517b2de2-443d-48f1-8d5a-30fe277ade55,137.23
51ab74a7-2bdc-4531-855b-f601c4d2e502,917.06
51b54647-647b-4348-8cce-f0c43374f6c5,57.62
521e9b0f-6b13-4211-b463-f8af0cb0d69f,932.86
52527ffe-a8bc-4200-bf56-8d319c0d5a80,738.07
52da3da5-8f70-47fc-b50f-06c9015525c2,848.12
52e31457-e619-4a77-bf61-1adea1d4edff,504.42
530cd2e2-bab7-4cc3-afa3-9e2cd16b323d,453.28
5310311c-275f-4bd0-9368-6749d3166e7a,152.1
532b9c2c-4d1e-461c-90aa-dc5953a939ec,289.14
5353953b-a38d-4463-836f-1741d1c7df18,44.79
5368b053-f111-4ec5-b5f5-efccc240bf80,283.69
53de9d8e-9ab9-4c1c-b6c8-f64a69d731b1,452.94
53f26c94-12b6-48db-a8e4-2185c094b05f,587.44
53fdb6b0-f36c-4eb2-80e8-77707a470f75,316.96
5421271c-d379-4337-b5a2-4b85ca055a05,587.13
5450d0af-7b55-4f95-9b23-b8ba7bca2a40,332.91
54a7bc03-cf12-400a-b025-545ae2d2989f,762.34
54b2287b-2d92-4d80-afc1-c543a9dbc690,22.74
54c5f843-66ca-4597-889d-efd914d14298,625.48
54c90355-deb1-4953-bd5a-883a200ffd19,829.57
54eb1f69-b792-4dc0-b996-8afc8ab21137,823.06
5502cebf-b26f-4c7b-a260-11e156f40984,634.23
552188d1-80ac-4a6d-b111-f909724c6b06,715.23
559e89b5-1dd6-4182-9b77-1a26fb1baa66,474.13
55c3e4b2-b97e-49c0-b76c-6471c827ece4,876.02
55c58944-8cb6-41a7-b2be-5189e3d7d4a3,650.48
55cdb05e-fd6a-40df-bdcf-15b84982f291,719.05
560de8d4-60c7-4b1d-857e-98214371eeea,279.75
562013be-3651-4729-b9be-dbf6e6545d33,208.3
565d2c78-418f-4b47-a870-07aeb698a109,582.26
565df379-2d43-4f96-a3d7-23033bd8e99c,705.17
56b90259-d321-45de-9fce-fdadb41219c0,41.6
56ff6d26-0a30-4c58-8769-446218f1a64b,490.37
5722cc20-792d-488d-a6b1-634a20f30c37,524.86
572a4101-3559-41b5-9975-54e0a7b6be0a,706.91
572e9d5a-3424-4acb-b3c9-ce4a7c434722,396.3
5732dd68-0b00-4f45-8067-9fc87a69c204,706.56
578e2bab-5214-411a-9ec2-b3930b3025ba,633.69
579f3b14-926a-4324-a116-bb39a78285b4,366.15
57be9e65-f0f1-4b36-b696-17e91764fb47,285.91
58115feb-3926-4f85-af44-545d0871a388,527.42
58370f0f-3f1a-43b3-a45e-3b228b2ea98f,253.76
583896d5-6682-4bd3-91e4-8c81bd91a541,49.89
5862d2bd-3a9f-4d98-aaa0-04714d527d47,223.61
587851b0-9f6a-42c5-b6b7-922a7e3128b9,150.62
58bdb71d-ac74-4fdf-a34d-26bf1b900836,373.42
59047e0c-1687-4ef0-9ed3-37308fe26927,101.43
5912f6b4-d8a1-4787-bbaa-8dfe710f3691,905
5919e8d8-6974-4b4f-9d2c-dcc1bc67187a,704.87
59297f0e-51a3-4389-9b06-1b84529e0cb6,425.87
593e4cb0-712d-4165-8a43-77a4bf495a03,791.1
5941e2d2-956f-4dd2-a967-2d7d25cd431c,54.25
5949d1ef-12bd-4ea7-926c-10af19a57e84,967.88
597b66bb-eaed-4a3c-8925-eaa9c7d3b500,738.85
5a4ce943-5040-4ce1-9131-446fe437d946,333.3
5a7b104f-9024-492c-8fdb-194b5c2f5103,148.52
5a9bb61a-1238-42a9-bfa3-9fa5aa288b93,773.94
5ab23562-dbb7-4b05-b04f-bb524db5b965,972.34
5b5d017d-8595-4685-a1e5-c75406fdca9f,873.04
5b799e7d-5330-4994-83fc-ba4b6d57d307,186.42
5bacbf7c-7b72-4e77-ab7d-43ef8cdf93f6,357.91
5bc6f2df-b201-4e19-95fd-7391e89a8447,816.66
5c04470e-a55a-4437-92dc-29e7e660ca96,419.6
5c2fce5e-f6f7-4e70-aebe-592569717780,14.97
5c5e5885-7964-4af4-90eb-57cc821b076e,509.81
5c79811e-1b6e-43db-a70b-7ef4bd22db07,461.42
5c81a03d-a717-4b4e-bcd0-96a227f0c278,550.77
5cda1352-f36b-439e-b4a9-aad247eca39d,252.49
5cf5bde7-c84b-4d4e-9921-c8c77d3c9dd9,311.09
5d09dfc9-b8a9-4778-9ae0-af029d6b2122,105.44
5d9d962c-0db5-448c-9278-5ca3593d5ff6,614.09
5dcd1ceb-d449-4945-a17f-49fd211b720c,276.84
5e3c422b-d4c6-462d-b454-b91d8af4ce9f,142.09
5e90ec3b-c6f9-4183-b757-362b3d2956d1,574.48
5ee677ad-4217-4ea5-894b-7a9ea203dfed,613.72
5f1f9998-1220-4239-afb3-95c955eca840,441.6
5f57e961-aa82-425e-a894-e8a4c34804dd,735.85
5faf98fe-6c88-4472-84e6-5f691f89c7ab,547.04
6022eaff-b366-4d30-af0d-fd8997e46f40,515.26
60397927-7aef-45cd-b1f6-6f3f228bc6f1,913.55
606419b3-c00a-4b07-b169-f668f7547007,26.75
609213ec-df3a-4efe-97e5-16e766f2e6be,494.49
60bfd4ee-9e39-47e8-beac-f590e0745ec0,964.25
60e20c59-1fdf-46f0-858e-d73252137117,462.42
61deaec7-b78f-4c34-bac7-f8fe7a0f4a65,813.96
62140d4e-17b8-4934-9acb-be797dabecd6,402.19
62499a22-8131-4dd4-af39-74225a069f27,913.44
6274bc25-5cb7-44bf-99ef-1b9824593d7c,961.13
632a56d6-7b66-40e0-9232-971ab0de4217,446.01
632ae2da-6a38-464c-8724-cb233201eb84,775.44
6345f856-c93a-4aca-95b4-81e6112f867c,304.15
63541b76-931b-42d8-8ed0-1e21df34b41d,516.32
635aaf7b-a5b2-43c3-ae6a-50e72c2349e2,759.39
6366474f-7387-49f2-9357-4fa0c8ad2447,632.8
6382e53e-fd19-4d27-8b0f-3626032a830c,900.42
63f1e326-8350-467e-85e4-488446e23e16,432.11
647411e0-6c6d-4256-ae45-c0438fba6d12,117.91
647ddcdd-5c58-42e9-88d0-7db9aad5ed56,553.51
64bac5f0-e2e6-4ab2-a9b2-23544273077b,712.08
64ee66be-f7ea-4867-b3e6-929bdbf41003,720.19
651814c7-ca42-423f-8440-b40ffc805864,809.44
65359190-df6b-4329-96f9-eb7e356b29e8,274.6
655ab854-4d6a-4d41-9384-53ebc68a89ec,609.36
6598b341-4cf1-4db7-90c2-3fe6f9fa4919,497.71
65b0de7e-84fe-45cc-806d-4d51a1692d34,426.87
65bc54e9-c653-4c3f-9659-a656fd27137a,965.32
65ec57ff-f8c1-490b-88bf-3e56f113581c,237.71
661bba23-1730-4590-872a-7760c3660ed7,636.75
669d2ed9-cefd-47c0-aabc-39b700e366bc,320.45
66f16a2d-9d7b-457e-a3fe-fb468d457a32,392.68
6714db81-267b-43c6-a771-e242fa4c3e3a,122.77
6757ec2b-d85b-4c4f-888d-8dfa3095ad01,834.97
67762d9b-d1fc-4083-95c9-ec786510e1f4,353.88
677c0811-6207-4c9c-bc97-e9f631ea7b93,193.78
67b2b0bf-12de-453a-a2e8-5227db9a5489,727.13
67b423d9-098e-4a4b-9c80-1948d5844e09,19.08
67d5cc2a-7df5-461f-a367-6aa245fa90d9,783.74
6823d38e-d84f-475a-bc7b-83fd0b9378d7,379.51
686e42af-445c-4105-aa26-a0436d6e1c70,607.97
6880c1ae-599b-4a86-b487-ebb322fb5a0e,725.84
68ee1469-1d29-43cc-8483-3a52fb206357,78.77
68ef53d2-b86f-4be8-bc66-90781068e153,733.33
69057721-911c-45cd-8d58-6dbbd39d410c,136.96
69160b91-fb86-4a7c-ba29-fa99a9e6239d,19.38
69274956-529d-4a2a-bfa5-0d056dabe0bc,264.8
692b0b60-6154-47be-9be8-41b80e5b4caa,523.88
696571d7-28d8-4bdf-997c-7e018c36f3fb,870.55
6986615e-f10f-474b-b491-040a95b89740,14.86
69a7bb56-5a7a-481b-bb2b-4224615bc59e,341.8
69de4958-37f1-42c2-a02d-6a39fcccb695,323.28
6a54672f-d7fb-48c1-9799-f542c76cddcf,535.6
6a66a380-c90c-40f9-8250-d6699346eea3,228.85
6a6fab7d-656f-4f0e-8b3f-e7e99f337dc9,877.45
6a875681-bb7e-48cc-a9c6-deb1b362c838,318.6
6a87e5f3-f17b-464c-a975-7fd4d37d4c55,464.89
6ab51316-a9c9-4ef3-a5ba-2f60cbf0f8b8,877.32
6ae422a3-f7a0-4ad5-b1f8-5be411ff6e19,711.14
6b20816d-c24f-4124-b8f1-46b4509b45ee,171.82
6b64ad4e-33a9-4ee9-bd94-ec5f78b8af30,264.76
6b6cd4ee-3bb2-4938-acb1-9185da073eea,446.03
6b8f04c8-089e-4a1f-b267-409658a3b46c,87.57
6b902e33-3955-4bd8-8fe8-9e338a34b45a,357.35
6c2112cb-bcb6-4d6b-915e-4bad10e9962c,852.38
6c729fbb-13c7-4d29-bf39-6ab4083b180a,557.23
6c73043f-5e51-40e0-8fe3-b7a029a4aa20,142.7
6cfe9903-6eb8-49fd-9daf-1b51953ea76c,807
6d33f5f7-08fd-43e0-85c4-75772a920778,344.4
6d48ad0d-ff74-42b5-8524-0198f714c0f6,323.79
6d50da8e-6891-40bb-bd4b-15f8b377781b,123.5
6d7fd8f0-c2f4-4033-9f05-f47fc86accac,393.6
6dcbaf86-0d1d-41e4-a39d-9eec5afa3e4e,158.3
6dd6e912-4541-42f9-9f50-a8676ee8c779,827.67
6e118153-502a-44f8-836f-d9086947b12b,701.65
6e67c9a0-4932-4bd6-9aa9-8f65281c4ad0,400.76
6ecd1efb-846c-415f-b307-cae48b46e6d5,449.95
6ece0aff-de48-4d6a-9a50-852f7b228ac9,852.81
6f0945bc-6251-46f6-8a81-59d60de0ac15,156.77
70038ade-a6b3-4742-b59b-ddc17e9e5950,833.6
70143ec4-fe36-4812-8dc8-4aee55e4e3d5,598.14
70179609-39e2-453c-b788-6c09ae130e51,456.28
702d98b9-5148-48c1-8c76-1b65ad5a264e,832.52
7081b32d-f484-41b8-b2bc-2ff65e1236bf,124.03
70b1b4c4-4486-4f1e-bbb7-af6dfc19df90,228.22
70d77eee-cb87-44a3-a2d0-d51518a05893,422.4
70dda719-4532-48b2-a6ed-f296dd32d5e0,54.8
710b4674-5fec-45e4-92eb-46838f614902,672.81
711f927c-7d9d-404d-9835-ee62d8e17937,236.91
7154d81c-fd98-4ccb-a9c1-e85141899143,396.78
71bf09a5-98ff-4cc8-a8b1-d1241981c3ea,527.59
71e708c6-f0b7-4607-8999-e4299dea6911,137.16
723deef9-7539-41dd-adea-19e3a5a900b6,703.63
726d9aae-038b-45a9-aa4c-9ffbec8b8930,257.89
7271db65-cdcf-42ab-bb8f-a299eae92286,47.25
72a72c8b-8913-45a1-a40f-1fcd73ca804b,656.22
72cf25c9-71c4-4366-84a0-076aa9b670b1,157.11
72e25089-8759-4811-80f6-db817373b271,674.45
72e3e240-f708-4935-a201-5c1d3140ad9a,820.7
72f964e8-78c1-45b1-a798-8651a82b5cae,237.42
735b17b3-9f85-49ac-9fb7-e1d13ecc44e5,528.44
737602f7-862e-4542-a4df-634e511a4700,462
73814b79-9d40-4357-b141-6ec42c8a6a6d,429.01
73e81e61-4354-49df-9378-151e02d8e960,413.64
74513e60-7f06-4df7-846c-701915e52763,108.33
7459d64d-4730-4929-b89f-fe41627319ef,255.23
748309f6-3cef-4d32-b4eb-726dccb76e80,482.58
74df8419-3898-4591-a1cf-6914a24c8928,242.8
74e0d96f-af95-44f1-8579-2d11ed1971dc,729.9
751c0b63-6b8c-4f13-a6d5-fe1fe664cdb4,881.32
751f07cb-d197-4499-9b0f-604da406da14,519.35
75415c10-117c-496b-bac5-59eb05772d1f,654.23
7545805a-24c5-464f-a72a-84a43ead7bb4,885.12
757fcaf3-a85e-491d-a6a0-3da65594470a,495.63
759974c6-25eb-46ac-9d30-08c8cf9b3708,809.92
75cc149b-c191-4160-9303-71c452ad667d,952.54
75f462c2-4a33-4146-b0af-8318d2ff6c1c,923.15
761655c2-91bd-4b8a-bae2-2930447bccd1,567.2
7621deaf-37e3-48bf-8d8e-1f67a9e258f8,237.48
762dbb91-b366-46ac-b68c-d594fe302ad3,557.08
76410b9a-811a-434f-a35c-f04cf3f62fae,204.83
76682452-8efe-40a9-a519-4b7d08e44b74,735.03
768dccb5-7723-4550-a6a3-e0250a016c6f,660.07
76b24e70-f785-4b2d-a151-c35885487cb6,45.9
76dc5111-d86a-488c-a0a4-0dae98ca3649,141.96
76ed4dba-99bc-4f84-bb82-70d4ff9dae60,844.8
7705e075-33cc-4a72-9894-3ee404c0ce0d,390.06
7709bd1c-6f7d-4589-87fc-5957903bbad1,663.17
7714fb1a-e822-4f8b-876b-ba545993822d,328.49
77294dac-694a-40d0-9f2a-4f0b2f159134,165.26
77780b87-82fd-4783-9f03-5ed2e546b667,93.81
778a659c-8863-4723-8d8f-a96b42e5e688,873.44
77a84515-d8c1-4579-bb8c-5aec9d556067,680.98
77f06d4f-e530-4cbd-a253-9108fe280782,515.16
7811168a-b55a-4cc7-ac1b-3e23326f55ca,837.13
782a5816-e61b-4b77-8d1f-e5b3cf61ec07,938.8
782b1249-f614-40f6-8bd5-d5e9aaec8628,779.62
78386380-b6ee-4d73-a880-8517a8673a17,816.25
7869e673-96c2-473e-9f08-b4374f4ad224,883.15
788add73-8d96-4f32-8bb6-907b6143a9d0,738.98
78911932-ac05-4225-8fe1-78e0d4e8f907,604.55
78c0853a-04dc-4757-ad16-5218ab37bffa,704.35
78dafeaa-b777-48ca-afb2-8444721446e5,180.56
7923133d-a61c-41f9-89e0-f1f9c4d91c0a,399.52
794fac4c-44b6-4bb2-914d-b15475360958,897.74
79c31088-ea0c-482c-b147-4e2187f4f964,923.77
79fc831c-9435-47b7-810b-cb268ab7df28,276.34
7a08ea65-41bf-43ee-a38d-5710864d38a8,872.48
7a30f8ec-b832-461f-9f14-abfd79a4d5c8,445.17
7a9a1995-e767-4f9d-ac90-4d71104c9b1b,89.08
7adcb2a8-5de6-4faa-acde-530ab88b9ded,816.22
7ae0897c-cb52-43a0-b950-227d81d7e4a2,86.89
7af3a7b1-6138-4576-9104-0829a6dbb13e,42.94
7c2f9394-aaf1-4ff3-9bbd-b7c1951d38bb,707.96
7c4fb4bb-d135-4c30-8a15-e231614be7e5,582.28
7c5794d5-e782-4239-ac06-729abda67258,29.58
7c5e42ce-7d12-4377-8c5e-f8162678dbf3,858.38
7cb23656-7071-4a8f-ae34-eac2f8ab5eec,238.8
7cebb23b-2ebd-4896-949c-163bdbeab428,409.9
7cee2f74-f1ad-44f5-b589-0e0f5ad59e45,407.99
7de0bce7-0ff3-495b-b1be-45692c12588a,655.47
7dfd384d-3a85-42f8-ad8b-fb80c8f45e22,429.81
7e46de82-540c-404f-b567-3c4efe152dc0,733.28
7e56d1b1-519a-4da2-94be-ec0ccc722d16,654.07
7e6e8e9a-0a59-4cef-9786-ad293e83a783,866.78
7e7b30dc-a2c8-46ad-9b67-b2016ce773a0,584.23
7f30a62b-ed40-4555-b9ce-e0379d259928,796.05
7f6efb08-44a4-4e64-ab4b-1c16a88408fa,160.57
7f7f0c47-5faa-43a9-a911-cc61ef0e9fb6,571.78
7f822a6b-18ca-4758-be42-2ad76eb6754f,665.34
7f876551-010a-4a25-ba4a-d55fe0f1a53e,466.44
7f9520b1-625a-4ed9-aa7b-34a938330b6e,138.97
7f95b4a6-5525-4ebd-b21c-85d1008af279,689.97
7facd99c-8739-4688-84a2-60d9d901bef7,233.45
7fadaa89-fd23-4341-a840-83197a5a394d,352.9
7fb6576e-343e-4423-8ec3-62b44139859e,643.05
7ff86f1f-9115-49ee-8cf2-3441dbddaa4a,750.89
8010f7fc-6fce-49e1-add3-1a6fb30e7c80,296.6
802500ca-945b-4f85-9763-798e33dc5ff0,939.23
8078038e-26cc-4d92-ae10-1f0072d8d9b5,635.44
80e80f33-2bd4-41f2-a128-83b6fa35a698,915.25
80f0f03b-d822-4430-bf43-6f002f5ceae0,430.12
8142ae1e-062b-4768-8bc7-6dc64ab639f9,863.19
81447135-31e3-4b62-8393-042277d20414,256.75
815d36d7-2763-4e89-9c68-150d31d2e256,311.17
81a1b197-9815-4652-9893-ced567f7e67c,914.9
81d03df3-722f-40a5-a565-f898b60dc779,202.33
823c009f-3963-4ac5-890d-ee2551aea140,473.94
8252b08f-0837-48e3-b57d-5e56ef2a9ee3,972.63
825a1f9e-102c-458e-a382-c5394c0518bc,10.9
82c53293-eefc-4c19-9f05-277ed93f2e74,12.52
82c9ae10-836d-4bf0-b25d-54d840595880,536.94
82f45ed3-bedb-451d-bb3c-ec12de2180d2,629
83218fc6-bcee-4fb6-bb09-70a7dd08e757,317.06
8330a1f5-db78-4182-990d-2ea621c8cd7c,784.22
83a5fd07-a7aa-4a34-916a-b68349d5eed6,280.91
83ce5005-70e9-4489-a0a1-0d7e533fc38d,809.25
84251353-7fe7-4d94-9894-e9c921d06845,133.43
842c5cf0-968f-4421-b0d2-00a134db0531,416.48
845a142b-e785-4065-91d2-b839776b735e,521.45
846d8520-d50e-452d-b31f-f60dbd5faaf9,248.57
8480b62a-9c37-4430-93bd-84ea710b5fd6,968.93
84abed4a-32b1-4e4b-948e-4bbba084965f,811.43
84bd4826-0c37-4d21-92f0-51e3907ed3ca,929.21
84c836a2-7609-4a25-bc11-dc79008d9f20,704.44
85665132-f9f5-420b-9ce5-04394d28072c,906.93
85b8d908-5cdf-4fd1-8746-f0803db7662f,914.46
86117479-9e04-4fbb-b551-2554fb1c9e1c,163.55
864b4506-70de-4822-a10f-c487b4b9e884,17.48
866eac42-f07a-4aea-85bd-1a0077ec85df,700.64
8686cd8c-2b60-40e7-b90e-948dae4f49a3,617.81
86877467-6b98-45e5-b74a-d4431cce7976,966.61
868cf657-332a-4bef-89af-2c8a796c2b8a,385.41
869475ac-7052-4d90-9bd0-244090efc940,313.95
86b40511-e2b6-4b2c-ab81-1d505a956203,67.71
8757fecd-13ac-4f30-81ec-19e1ff8e7030,827.33
87de18ad-6bdb-44b3-8786-e14f69f52a01,276.72
88372298-8d71-463d-bbea-7ac12381359a,152.67
883f9412-fcca-46e8-b342-d5e3101fc88f,660.01
88549adc-bc6f-455c-97d4-70da2802f06f,855.22
891dc116-7000-4cdf-b588-a86b703f913f,593.12
8922f377-f8de-4f01-93ec-a78e7aaf13e2,28.48
8942f6e1-6bfd-4a0c-8d1a-738418449a0a,294.64
89694167-8506-4957-a260-baab6aa8b93c,586.38
89990ada-43c8-4560-9cfa-c85eb921b38b,525.42
89fa6294-1c73-4900-a577-5895f4e4adec,551.24
8a049cbe-2108-4674-9816-2613480f5445,673.69
8a151dbe-fd37-4592-8133-16e8bb252b3e,356.51
8a17854c-1b16-4b49-a3b3-82b1f91b233a,451.3
8a29e87b-fe2d-4d91-9b78-80841eba13a5,977.28
8a4201f7-dcf6-4b02-b7ac-4a659ecfb60c,848.86
8a79ed8e-d518-49e7-86c1-dc6e50644e77,318.18
8a7d1c71-6c9c-4336-8fde-a8db2bbaf5a1,445.53
8a7e8fb5-211d-4906-9c8a-6aec59bdee81,145.38
8aae3b07-5576-4d1e-8a7e-829fbfe7aa21,183.38
8ab1ff3a-b4d8-41bc-9140-e09d4c02f754,840.12
8ac7d6a2-a340-4dc3-9cea-ceaff79f57b1,668.12
8acd5596-20b6-48d6-bcbc-67a66cb311d9,26.64
8ae4182c-ed0e-435b-8ebb-722696db2f69,799.05
8ae418ef-d671-41f1-83ae-4f022e8d53c3,150.49
8afacbd4-39d8-4e5f-8bae-e4f4d5eac982,73.49
8b223d56-967b-4653-9d92-09157642ebbe,42.07
8b42ce1c-cd89-4c24-8cb4-ae35d36b0374,812.65
8b5329ae-39cf-4b24-afc8-413909207f59,545.37
8b84cfab-39c7-4012-9ee1-7df21855c6d1,249.13
8b9f18a3-07e9-4608-ae69-09355d0858a7,590.18
8bb1a42f-817b-41af-ade8-367e96db656a,68.34
8bb80bd5-e524-42aa-b3b9-6edd9da80434,670.29
8c1cc84f-6e93-4aea-817b-e239b7b335bc,617.38
8c428b2e-1f54-4e3b-bdfe-80fade938251,118.5
8c7a23b3-e14d-41c1-8e13-53e076c57314,818.71
8c8304cb-9a90-4c5f-bdcc-0251db173474,576.38
8c91f542-0434-43cf-afe6-e2b694249e27,687.49
8ce3862e-0fe0-4c36-afb5-1897b62c715d,333.71
8d22742e-ab5d-40be-bdf5-de30d432e8b5,582.17
8d40babd-5395-4fab-8846-440a39b01150,707.36
8dcb5671-4732-406d-b4fb-8c09b9611663,751.25
8dd68e4d-f077-44b2-a25c-23ff7d14b2d9,799.23
8e6d328b-c9aa-4385-b01a-31f1919d8ff7,733.57
8e70d07a-d99f-4607-baaf-74d9b5a9f1d7,15.54
8e75a5e7-c7c6-4234-8765-122bfc6b263e,51.17
8f00dc15-b4f7-465b-9c35-0baaff66d888,259.71
8f15c4f8-347a-4b69-802d-1b24c4d9fbdb,236.45
8fe6cf57-08df-4d32-a968-38b881678e3a,125.91
8ff43955-bf19-4b10-90a9-4f64b31bf8d8,906.35
902df202-6343-4fb9-be71-81c619b50c63,613.09
90400bc9-d9b3-4237-81df-3dfe88682a9e,107.14
90a4a7bf-cf5b-4d10-a4ce-608e297e59eb,477.96
90d5ca96-03df-4fd0-b278-09ed60758cb8,10.72
90e48150-b211-4cf5-bd00-0e2621c2b298,865.32
911b8d2a-9dc6-40df-a92d-af9bfdbf433c,550.06
914a624c-801e-4e35-a3f9-52629fec9e9b,196.8
9162a700-cb4f-4485-a20b-78e357186aa5,112.51
91713ff5-21af-4945-bef0-4bbce4bc8588,567.3
918c165c-398e-4171-ab18-49cd38e00949,677.82
91e82573-2d9a-482a-82dd-e9dc8977c022,780.05
9211a319-6280-4cfe-a103-c221f1964758,306.27
925441ae-fb5b-4766-bf6b-4ae7b3792b61,98.54
9337c0f3-ff97-43fe-b9ad-df33589e6b0c,147
93384ac3-348f-46d6-a1e0-af321c9798a4,309.11
9359f2df-838d-4948-8f04-0c1093ee5080,423.36
936422b6-db4b-43e6-8bce-aa414e7fd536,394.78
9384ed1c-dd31-45c9-b406-141140459a65,926.47
9393dab4-8a5d-4bbd-a27d-a3fc806a622d,40.81
93a7bc88-6439-4852-8b64-eb03d0591eb2,484.22
93a8da6d-e9b8-406d-aee3-d4c91b50f78e,910.49
93c6640b-3b92-4de9-bf52-8524ed886a3d,452.21
93e120a1-317e-48a2-9493-efa883b2b28d,637.93
94086655-fa78-4eb7-a13a-389061d75ad2,454.45
94474476-e803-4c86-8556-ecab16a6aa07,642.36
9448fb72-c0fd-4971-8d19-5dd69779e12e,39.51
94827d22-e8c2-4e17-894f-23d72c566e0f,214.03
94889aa7-a96e-4ca1-97db-2dd50b2c5d62,886.28
94c70e2b-066e-405d-8ca7-4bce9086c1be,387.71
94f65083-254f-48be-9551-8dae7b914004,840.08
94fcf479-565d-4eb9-be80-249b0f9074c6,883.95
951bb349-7629-4960-93fa-d441af3461df,195.92
954d6096-8733-487d-ab52-973ca1f29c3e,63.67
95cae56d-42f4-4fcb-9384-ba346cfd6d57,323.6
95d9e67d-805e-4377-836f-126e46ce8aad,741.4
95dbaa1a-e294-45c9-a89b-59163db69cc0,234.83
95e33c81-fc3d-4694-981a-1503fb0aa55d,628.45
96017a1c-41ed-4dcd-93fb-bdd7c380bbb1,784.55
9612ba2c-77d6-4df1-b07f-6549c220de9c,98.5
963307e0-1400-4323-a041-774250fea1e6,221.67
965fa349-77c9-442f-a518-6969a543b328,549.72
96782d2a-5277-4db4-ad45-8723d65aab66,71.19
967d39ee-8c32-4f5d-a3f6-1a4431254bd6,132.75
968cc4b2-472f-45c0-ab0d-36e0e3869389,667.13
96d11075-b4ea-4b5e-be27-851006cb1208,904.76
9737adb2-b514-44b3-ba3a-bc0cb047c7ca,10.37
97cd1715-3307-4a2f-bdba-6c49dd72026f,560.54
981b2782-4a58-482f-8507-ff1d6ba34a30,200.27
984d3447-5022-45b1-9496-0f124a384ab9,632.32
98592e36-6408-4503-8bf1-b1074ae27ffd,872.45
9867d2e6-4b8a-4226-9009-939b7093aca7,656.69
98846c96-26a2-4564-bdea-086925e084bd,193.12
98977988-5575-470f-838c-724ed865066e,865.38
98cccf4e-f1e7-4b95-a53c-cdd67f768a07,293.95
98f13db3-2b9e-4386-9a06-f166ae1a8177,344.68
98fea239-9b2c-45a7-ac85-e7bb646c6813,680.93
991001a0-85d0-41c4-8a6e-60f0675869ee,331.81
998069ff-36e9-4dfe-b640-034f547b96c1,873.64
99ca871e-4aab-4fd3-b3fa-23ad921211cd,349.53
99ec1324-97fa-4c69-b151-665ae64ab4bd,179.41
9a03df91-01b5-49ee-b0f9-348ebc3cbcb8,518.3
9a11d240-298a-453d-ba2e-12eeb5971cd1,881.48
9a4b08df-5361-4ecd-8346-b2e456955b35,560.52
9a594ffc-1112-4337-9461-4c2d4577d064,862.72
9a611974-d721-49fc-9a9c-02ee2bd7b916,827.07
9a7d3add-f2bb-406c-b3ed-7491e269ed60,626.53
9a8fac8b-38fd-423c-a828-8084517e507f,46.11
9a982569-237d-466f-9b79-b2df48e4d959,838.58
9ad10fa7-fe0a-47af-90cb-4e2f377a924b,902.79
9ad4dee6-d600-443f-9471-b22a7431d2af,748.52
9ae5b8ab-5f15-42ef-8580-8c9ad5591e8a,74.31
9b1d9c92-3920-4a6f-ba42-618c7481f38f,914.79
9b459382-d1ee-4424-92d1-aa14dde4f2b7,874.25
9be4c2c0-97f2-4ccd-8930-d72ce10fc826,624.95
9c02ca51-b116-4dc0-83e6-c7fae045d123,893.39
9c065e20-4be8-4673-ba74-69426bbcee7e,60.68
9c4e0780-d644-444a-b061-bce2b4f230f9,71.96
9c50da78-71df-48b8-b94e-51b5976cc135,376.27
9c5aba07-1d88-44b3-a2e7-43e1535525d6,869.65
9c5ea687-d67b-46a8-b713-66be882809e4,650.9
9c7b6821-bb95-46b5-a19a-bd7f505e7457,861.05
9ca091c6-fa72-4b97-961d-0e215a50097b,974.36
9ca6d7e9-7ea5-47d9-972e-567666f72ed6,824.52
9cadd41d-c71d-4ade-aae6-a593b7f5e95c,943.6
9d112909-141e-4da2-90f9-37162d81b200,165.32
9d2a5cce-4713-44b5-b26d-dd84526449aa,476.82
9d32913e-05d9-4720-8382-7f935dace320,740.85
9dca5b60-156d-4827-8705-47ddde83c9f5,411.96
9ddd086d-e924-4df1-94ba-edf506f9d8cb,317.18
9e582c5f-6838-4474-b4a8-bd42057e89f9,888.9
9e70641f-8b2e-460d-a12b-0f152b15a3bb,318.29
9e741678-11df-48a4-bf21-c89dae6ea7a5,311.93
9e9dd8df-d7be-4f04-9a4e-d7a9bd8c25e2,376.16
9eafda48-bbd9-495a-904c-f0bbe6f6d51e,503.02
9eb61896-2267-4967-be9b-ead242e0227c,449.38
9ed2b07d-68d4-404b-beb2-30e3bde29e7e,298.36
9ed9521e-8c24-45d5-96db-b0ed8ebe7902,421.96
9f120d92-b188-472f-816d-c3bac38bdd51,831.34
9f1885ce-e68b-4c3b-9d5c-928cdaf46dd5,771.71
9f23823b-4269-4a99-b125-41cac11fea71,791.88
9f442fa6-75b6-4bdd-8c39-3a31c5cd7e55,393.24
9f7fcc43-e399-47f4-bd6e-d1fa1ba13135,853.87
9fef79a8-6df1-4d81-9034-f41c4cc612c9,966.7
a0c296d6-2ff6-42a2-b5a3-93687c17b4a4,863.51
a0cb2867-9333-4ca7-83a7-8112c6997f07,749.32
a1144811-d793-44ef-86be-af037563b30e,791.18
a1a9ee24-cccc-4a61-8a40-f69bd07632c5,353.92
a1b4a6cf-9b4a-448a-a5cb-0cb237bd23c2,974.38
a1d8d112-6225-420e-96c3-98e8576b60a5,879.27
a1df9a89-fb61-4c25-8dc0-44ba373d8f63,150.34
a210bbbd-a2b1-42e2-bf2d-f2b88dcd22c5,676.18
a216c1a4-df78-4d3c-8b51-54be1730388f,532.89
a21e09e7-cf0d-4c37-8a07-fa3fdc6c2961,618.05
a247f1d9-7152-4370-981a-61f483e29e14,378.65
a256c959-449d-4e9d-947c-b473cce64c58,264.47
a2653062-d998-4ca3-ac09-6a05c9d205be,726.4
a278c946-24ad-44c6-b592-3eb2568d3238,179.66
a29b0f1b-69fc-4284-8d5c-3821791ba840,51.06
a2a9f100-dc1d-4363-9775-4077002b5b77,79.18
a2feceb9-ffc8-48b7-abf6-c72b95a852b1,196.1
a30f6bb7-c254-4eb9-8066-5c7163609cad,193.47
a31b4073-8c0f-4b65-9f52-1421e6ae4343,252.87
a335b6ba-7c60-4f77-a32c-4ddfbd4a7e93,961.5
a33d8bf2-8872-41de-ba03-cd0e93aae698,816.38
a3bfd314-20d0-469d-8c35-1eda8dc2378c,943.07
a3ceff87-fc0f-4206-b167-196c1e3a43b7,287.71
a3e7ea0d-78e2-4ec2-97c6-b6f215c87d3d,640.89
a4177b16-636f-461e-a1dd-e10790a25a60,680.09
a44f1a8c-0978-43ac-9274-c4381862696d,462.3
a45f147f-ef5c-44e7-a66c-9872fc321a40,983.36
a46df0c8-6b6d-4615-ab58-d5faed740518,750.72
a46f1c35-bfbd-42b4-be0d-919eaa6fcde4,251.9
a481b4f2-a950-4eaf-bf28-b41c4437ea0d,349.02
a4b5b07a-1f5f-4b75-aafd-72cc13ec2e66,78.83
a4c0e1d1-f28a-4f19-92b8-c3d20d9fa3b2,215.51
a4dfa260-9971-4d1c-adce-832273e93b39,589.34
a4ed99ca-a537-4fb2-812b-b09bc74ccfc3,920.03
a51c2dea-01e8-4a56-bb38-392573afdc57,139.25
a57c8d35-9f69-4956-ab75-5542894fb6ea,492.83
a5902d37-b091-44f7-b98f-f676997d0baf,83.18
a67b019d-62ca-4afa-aaa1-a60ddb24a7ba,666.9
a697e7b4-1644-4fee-8475-f714a4c57191,479.98
a6c1db9b-7f30-4c97-b9ec-d78952f46e84,730.27
a6c45518-3712-4de2-adca-a4d6bc18c15b,985.37
a6e90f67-44ee-4229-bd48-88518179801b,125.51
a73488a8-85a2-4e77-a64a-06701e0c5454,421.49
a7cea155-61d6-4e07-8f14-d0c41f0154e6,28.39
a80df318-0a57-4a9d-b786-465750ea9fb5,399.08
a80f4a5f-f523-4be1-8979-9c1bf384435b,344.4
a8b0248c-8824-4e8e-badc-df914c9a8232,141.62
a9226810-5f5a-4648-bb06-adf5f2724817,680.44
a92b96bd-dde0-4a42-ac52-a15ed1ac8c6c,183.09
a9388c7b-5ba0-4abe-8287-40aea6d558d0,600.5
a949b4ac-7663-48d8-8fc1-c6ba961d7df1,167.97
a9575724-a839-466d-a726-0927b3deebfe,781.75
a978305b-63eb-45ab-a6b6-913bceb3c62d,527.5
a98c191d-3bb3-4ddf-b8df-e3440914950d,786.34
aa58954f-4277-44c0-b7c4-ad13d81b4a70,960.19
aa99482c-481c-44ec-aae9-5d3da0a288bf,513.95
aac73528-3912-4bbf-bfbd-92ce8dad262c,143.71
aaf5a18c-959a-45f8-b9b5-e447b264c7dd,776.12
ab3801d3-10e8-4bf8-9b81-323ee454c7cd,924.12
ab8a9d1f-d4e4-401b-bb04-1887b604dcb3,390.46
ac34a1e8-cde1-4680-9c05-d64393af5673,36.8
acf369c2-406e-41a4-bc7f-f5d0320eba10,83.52
ad060cae-ff92-4ade-9eed-5bde9f79c0ed,174.74
ad2603ef-f61f-440c-a8c0-90228838e2bc,169.08
ad3e8a46-2565-4f77-9a61-109dfac07496,895.36
ad603d96-eba3-437b-9223-b38d324ef8b0,878.32
ad9c0c64-efe5-44c1-a6e2-065d7cb3215d,916.07
ada38670-c53a-48a3-aa9c-d5e9215396ac,395.42
adc835ba-9748-4c75-9755-6d7c8486381c,283.1
adf8eef4-3048-49f4-90ce-ffcbb6dedd1d,121.89
ae19c7d0-4d3e-411a-8636-6cbcf85e9ed3,508.8
ae267d71-b1e2-4f22-a1b8-3cfcbfe3354d,578.24
ae48cf18-4cf2-49d1-8221-8500c45a4be9,63.86
aebe5040-e5fa-4163-b76b-d553cb795619,504.75
aeff20ef-22aa-4482-8e27-b761c69476cc,464.19
af11ae06-7028-4f37-933e-c3bd13f46ee4,24.6
af291ad4-72d3-4a8e-89e0-eeecae737548,331.39
af37325e-434c-47c3-b052-cf390a09c0c3,884.07
af41ee79-8816-4cad-98c8-275e69d9043f,795.52
af5e0105-a97c-400f-a7be-817252319218,201.36
af6a5a07-ec02-488f-aabb-7fe1adb4381e,56.3
afa6bffe-577e-4551-9090-aa191f7defaf,697.57
afde5113-46aa-4520-92cc-b008bdfe8397,114.7
affca88e-b2ce-49a5-af93-bf68f2166c1d,639.46
b01baf0e-604e-4f9c-920b-aea99a53b8ea,857.47
b021a426-5c8d-4089-940e-9bd33fa1a12d,21.94
b03945a5-7440-4360-b6bf-69405f09e1da,134.39
b03e47db-58fa-4fa5-90f9-b5b63550ae23,676.48
b05738dd-4961-44ae-8393-5188da1bd2df,371.96
b082dfb7-3b99-4817-a692-61c2bc935533,682.03
b0ad1770-cf95-4503-963d-0f316d1b6cf8,605.61
b0fbefd8-9fbc-4fa6-a9b8-43714d0a2027,221.14
b1a21aaf-918a-41fa-a931-236235c23237,782.24
b1a2aa08-3c77-432b-b4a6-2e43c8bee5a9,772.95
b1dd5385-1202-4f36-8811-dbcdedacd686,142.39
b1ebef5e-0151-4d82-b5ff-5cf155dad8a2,501.46
b20f1c31-5c65-4704-a21f-810bc2b46974,302.64
b238e14e-c375-4dd3-bb12-972c107fc914,887.14
b24c6be8-57ba-4d37-946f-736e153409c2,983.29
b2792be2-70a9-4999-bd29-35c1114606f4,410.65
b299350e-960b-40b7-84e1-19f152faf4f1,447.58
b2b3d64f-ebcb-482c-a092-693516570eee,924.05
b2e1f27f-efc4-41ab-ae22-0ab18885e194,862.51
b3026287-b46d-4a49-aad9-66d2ae11e317,233.01
b3a8fe77-045f-4d91-8606-deafbd7f3196,86.46
b3c0fcac-1af9-49e5-a6ea-2be9fc9955e9,12.04
b3d9e243-bf8e-41e6-a285-d4e346a9dc70,262.35
b3f0529a-96a0-4c78-8382-977cd8ac0345,827.88
b4518d13-92b9-4778-9ef4-672fe7c34a87,523.84
b490f248-36e5-4fa3-99e0-69be0484d7cf,168.89
b4b25394-3bc6-4441-8de0-31294013b487,507.56
b54c8f9c-6c04-4347-9b7f-eecb9f09f97c,817.21
b55c88ae-c426-4f88-b8d7-2393296e12ba,324.41
b58fce7e-0c58-4132-ac23-5bdc9d59af06,603.81
b5a4c6bb-1a50-4a29-a413-d1d5f1901f7d,196.04
b5a8e0d6-4275-437f-8f47-441e11cae224,876.4
b62a867e-b894-41b7-bcb1-cd72722109f0,693.88
b6cbadcb-3b2e-4cd5-9e79-dfe5d90b4c40,705.3
b6ed022c-4c48-4839-a21c-c99257851319,232.94
b73c9a21-2948-48f7-b7f7-0e116f13a9e0,56.75
b786757e-4b02-4310-a53e-a35191b818c8,143.78
b78ee0f9-3a69-4205-a9c1-00374a611301,169.34
b7f006e7-59d8-4b8f-bd7b-8eaed83af163,249.33
b817846e-c5e6-4408-a8cf-afe4e4e065a1,482.18
b87e3c3f-543c-4598-9a18-aba1ef0b479b,387.81
b88262af-014f-43d9-b7c1-382bdc6008ca,263.37
b8977882-fa7b-4b91-af83-6bf103f7eac1,65.01
b8a72ae9-9e2f-4833-b35e-110ca2a32d97,562.36
b8cc6e1f-5b13-4a27-aeaa-2d9fca9e9952,305.24
b8f92cfc-ee56-40e0-b594-1efa02f07a51,521.02
b902e2dd-fe7a-4d72-acc5-d216d670e885,588.19
b90b7f39-7f7f-4c40-b86d-9b33474a0022,622.72
b9501540-853d-46ab-adc8-fada8626ec16,146.55
b95d061d-67fd-4dbb-8b18-5f7971e26bbb,110.76
b9642ac7-0d59-4614-886c-f15bab518cc3,630.42
b9752707-8ad7-4cde-b512-3bc39a032ead,268.11
b9810cce-b76b-4eb8-a42a-d8c7ca2ecd7d,58.55
b9887742-552e-4c75-8dc8-b6a81d577b88,757.43
b9e02199-9303-4b9e-ae41-6a9ca2fe16c9,875.48
ba197ea9-e345-49ac-bfe8-16a3d0cd9a93,846.14
ba4df4cc-0435-4b82-8794-758d86242539,398.04
bb1f54d4-2c24-4977-9ec1-7130a8e59376,231.63
bb255fb4-f985-43b7-b696-d5c2a10f5a3c,544.09
bb31546c-a01f-4116-aa35-fde1bc953d01,961.76
bb46ad6d-18bb-4e08-a6b0-b2ae71bb6d81,273.48
bbbd0acc-d4fe-47cb-a947-04f0ee66807d,530.75
bbca374f-3ff3-46ea-a06e-da6e87e118e6,957.19
bc33411d-77ef-45d6-ad05-48dc5b13c880,846.51
bc42f6e9-3af9-40d9-9e10-39f8b27b3d8b,230.6
bc588eee-917b-44ea-8678-f31e8fc5d3b7,828.39
bce95b03-0e25-4b51-9a1e-f0aab88ab41a,442.11
bcf0cffb-81a5-463d-878f-aa2e65835015,92.89
bd084207-81c9-48ee-8627-da681d8b3aed,309.49
bdd3c2d8-d7ce-4dcc-a6a3-bf8e1f0cc767,867.45
bde00e41-7337-494f-b3c0-9aadc1c8157f,625.1
be08326e-4b6a-4e3a-a5b7-8e62db5296f1,768.99
be8e6302-7241-4db5-bb39-0de29a7deff4,46.01
be9436d8-08c0-4650-9f9a-63bc961f743b,891.08
beb8800c-5cc1-4ee1-a5f4-4ea48b922c3a,889.64
bedbbdce-40cd-409d-9e5d-14930cddf728,464.92
bee6926f-bfda-482a-99e5-74dae16b839f,508.86
bee8f788-6b5b-4ac6-9586-58349e4a0a0e,748.25
beed98bb-f955-44a6-87cd-f45a31328da2,320.08
bef9069c-c788-4782-ac05-382f5881cdfe,57.56
bf05f997-086a-46e4-86bc-856f484f8d1c,444.48
bf4232f5-5e9c-48e0-b216-da204da98632,427.8
bf678201-067d-4b44-b622-18428af00263,120.66
bfae75b5-1989-4295-849f-2410cdf632fa,439.75
bfd5d8a6-d376-45e3-b363-8c7d1c8edda7,671.77
bfe2f396-51c8-486b-a49a-4816268e4a3b,650.67
c001aa40-64d3-4072-ab9e-edce5cb2e133,533.05
c011c085-4f34-4102-8ca3-0209fb666e32,753.44
c02f2340-64b0-44ea-a7a5-b9c4975698cb,914.03
c061e2b9-98ab-4e9b-a363-a66ead052d89,397.98
c06938f0-d15c-4cb0-af68-0237199f1d75,701.18
c06f040f-03ba-4288-bb26-6d676b01af9d,682.3
c070ca88-32fc-40f7-b360-f807c2090d0b,954.33
c08094d7-179d-4c34-a9d3-e092a78717f0,310.73
c08c8b8f-12d9-47d6-9bce-409920133db5,182.83
c0f34044-25f2-4ced-8815-8aeaf349bada,300.53
c10866c1-cf84-4713-ae04-64eaab096730,538.18
c1283255-da8c-4fe9-a2a3-ec14e5c88c65,761.79
c13bf70a-446b-4b31-bf0d-3bbfa1666db3,839.44
c178e1a2-8674-47de-8838-a844a53721f8,867.75
c1a87551-1d6f-4179-8096-00b4ef9d3a74,31.36
c1b1fa76-325a-4958-b0af-29882f1a0d1b,63.11
c1b8b551-886b-4b25-ae2e-eb1204d5ed1d,418.98
c1c54713-5e87-43d0-942e-9dac1fee915f,524.45
c1d0b8fd-fa18-4f9d-bb74-b425ece11cdd,604.96
c1df760a-45f7-4eb1-aa90-c4c7239afb7a,16.11
c1f1c871-3575-4677-aa0e-3026f1cd4b9b,534.15
c22f1aac-3659-45a4-8356-8eb88e503478,915.11
c287b1e3-b274-47d0-b160-924bbbfdf05d,185.23
c28838c0-770e-4be4-bb3f-0ae74fcfdf5a,847.11
c298c882-9534-44fe-9891-33cf739c635f,246.5
c2c3c96c-1cb8-437f-bcce-f388861b2498,555.83
c302a6b7-3156-4480-ad44-45ff8b9399e4,189.72
c3439afd-d6a0-4dc7-a8d3-7f1b69846daa,323.94
c345fe0e-f812-4164-9f44-c0cb930f2f17,942.09
c3704488-6e3a-46ea-a391-575dacc07a8d,968.34
c38d5c83-ccfb-4f3e-b64f-05a8cdff06e7,969.58
c3a18f3b-b996-44ba-8b7a-3e314d2d2702,323.18
c3bcd3d5-5377-4820-9ffa-7d9323ac3550,922.64
c41cdcff-9495-4cfa-abaf-033734e0daac,185.65
c4334845-d12c-4b05-935c-0fc360cb6ba2,821.7
c48bd07e-317a-4227-bb72-65a9b5c64ff4,473.5
c4a2d209-39f1-4ac2-87fd-3312a7575fc0,834.73
c4a7abd8-aee0-4c10-86a6-d87e7a868f31,564.05
c4e38b55-0a8c-4534-a5e0-66c3554126ae,198.5
c4ee9561-4fcd-4f64-987c-354e624970ff,969.35
c50aea44-c08e-42f3-88a2-f84602006d5a,647.49
c5257770-ec4b-4a9a-8bc7-7533298480bc,205.33
c55d3728-221b-467b-996a-c975902e9483,40.42
c5b37ac7-75d4-47fb-8b7b-2f2ffeae204e,561.35
c5b3f5a2-7bec-4c9b-9880-c8146f3abdb0,192.74
c5f066e5-8454-4427-b7df-4dbbf8d429f9,900.92
c63987b0-c3e4-441e-91f7-ab4d2bcc61a4,559.47
c6514b1a-0c1b-4208-938c-7c72b00a3dcc,168.93
c65f0daa-55e5-411b-8d51-467b184e763b,714.35
c690c54d-9790-4e5f-82d4-60da39de591c,319.83
c714440e-4c72-4323-a05c-99cdb6a0e6b0,702.99
c72526b8-f4d0-40dc-afcc-8b796cba54b0,400.84
c7414d8e-1cff-4ba8-ad73-b45896b0c1ca,921.74
c7759754-e2d6-4586-a996-410a015276d9,864.85
c7ab4a1c-126c-47d0-ab1f-f8737babea05,91.5
c7e8884e-74c8-40bf-b6ef-60d0d2394eae,323.75
c8220f5f-a137-45b7-aecd-940de2646be0,619.32
c825cb4f-2f72-4e05-a768-f0532f8e0dce,609.17
c8e021f0-6812-4e45-a99c-d05c35faf3d0,27.15
c8e2d932-c743-42a3-890c-96755b0d293c,223.28
c8e61800-9fe4-4c67-a684-69f3642880cd,147.97
c8fdfebf-9154-4b1d-86d5-b6033181e6c4,853.74
c93ea245-7c4e-4691-8f41-90679226adc8,248.56
c953b602-f152-4249-926a-05d767b552a0,624.15
c9791018-8e98-42a8-b516-af069ca338f6,390.58
c9846428-c169-4e3d-bc0f-bd5820fb6f7c,670.18
c9d87d58-8180-42e9-8594-a8b820b10a49,76.4
c9f1a238-4e98-496d-a981-9446466493c6,63.88
ca15a632-d3b0-4552-bff4-1cd133cbdbbf,916.93
ca49cacd-5dcc-4f2e-900e-5e53ad0d520c,462.07
ca5d54d7-ff7e-4ca0-86d6-bffddcd0e370,273.03
ca7e04a4-fb36-4b3f-8a0a-8e6666e7051c,487.46
caf92fdf-a36a-4e1b-a43c-a068f981d0fb,306.74
cb09de9e-7ce6-46d9-aac4-723715b390f2,388.38
cb3358a1-ae70-4b49-9e66-f038e040a909,491.27
cb5d35ff-cd8e-4e2e-b1c1-4b62c53bb5f5,399.73
cb60255a-20e7-43a2-815b-36179e36a118,704.43
cb645e1e-6551-4d06-85c4-b03b7a90467f,102.42
cb9c65ba-264d-4572-b1c0-670ee8f4dc4c,331.87
cc05c3c0-9954-4a98-a1f4-d2c6d782d12c,243.74
cc7163f7-3cde-4fba-a788-87c9012b1c7e,155.75
ccbe454d-33f0-4dda-a497-1c110091aec0,368.82
cce72ff7-edee-4ba6-88c8-7c03756b23b7,447.59
cd0c49ba-2b6c-4616-b3d8-b86fd7e22085,573.94
cd2445c7-2308-4c41-9953-fb3d800a4b0b,677.15
cd515703-b93c-4e99-ad4d-19901f8f35bd,915.53
cd592a3b-be6f-4975-b5c9-ffd721162778,73.42
cd87264d-db60-429a-a9e9-37c2437a1600,975.89
cda10d7d-a567-42ba-bfb8-f52346de2c82,166.36
cdc1a748-36d8-4482-86b9-2f5432ebf9fc,964.8
ce0f8b05-e572-4301-a289-c8fe3866c8bb,148.54
ce224c1a-ba1c-417c-be67-ca158568f5f7,153.84
cec427f6-cc0d-4d98-8613-a11424650692,495.15
cf050062-50ee-4a1d-9bf7-43e9f8c31264,664.31
cf101451-958b-4e3e-a420-d3bb87012c36,895.39
cf1df8f0-5e1c-48af-9e47-19185d544c7c,215.49
cf4657ce-59b4-473c-baf4-d8a8ef6d781f,820.04
cf72310f-712a-4f55-ab1e-34ee5ebb8a0e,952.73
cfb0d6d4-4777-42f6-b5cd-c058d1125e2b,802.56
cfb3b1c5-408d-4d79-82dd-8545c4b351f2,523.93
d04d0613-4c31-41d2-a1f5-cd0de458e695,937.17
d079462f-7ba4-4247-a5c7-4144e8dc979c,674.37
d0bf56d3-026c-425f-be50-800833e7410b,673.69
d0d8e37a-a415-4009-b486-3421cc8f86ef,56.54
d0df6c7f-7e9b-421d-a594-9b1eabf1a621,835.9
d0ec40c1-1656-4ba8-bde6-d2f2f4f5ca19,430.22
d0edd747-f566-442d-86bd-a96da8b2ea08,418.46
d18799d7-cbe5-4a53-a768-dcb1203692b5,716.84
d1f1c656-9f9b-4c08-a5f3-9514d9caa113,879.06
d217e04a-ce66-46e7-a592-64dcd073e49b,89.69
d23b2d20-ccec-484b-a0fa-ede75fe24e54,662.1
d258da5a-89e8-4a13-b83d-8ed9046b25ba,561.43
d25f9a41-d552-4b19-98aa-9f8a01ff16c5,424.11
d2970bda-e67d-44e4-9620-27ff26130e9e,357.23
d31fc281-e87d-4cc8-9dab-322ed23031eb,829.76
d3268368-f9fa-4bf3-b71f-b7c04882e760,477.2
d38d5bcd-3526-4621-bdfa-485d452da384,368.38
d3ae3cd7-8ae3-4028-9ec1-e92a5a0b969a,486.22
d3e181db-add3-46de-bc47-9a40fd34f9cb,788.25
d4091028-279b-41ad-bb91-86df22ec803e,224.44
d40aac92-8b06-4d08-b646-c2acb0f6d90c,592.96
d46ca24a-c608-4052-bb7e-b951e88188ec,87.08
d47ca3d7-5e08-433f-ae75-6432490c50d4,242.76
d49b57d6-1233-4601-b322-468408da68a7,586.62
d4a217db-3039-4f27-a816-144383dd2af6,968.68
d4b28d29-1366-4d4f-8807-3ad07addeda7,19.67
d4b7ee46-781c-4cef-9bd3-0b429ef8bce7,611.76
d5608095-632c-4ad0-9d97-f93c4ca2379d,119.83
d5929ac5-9e99-4db8-bc93-5acd331d4c08,227.01
d5f51256-1f22-4b74-81b3-cdac168ac933,573.19
d6090107-eb7e-4c6d-8417-d0870a72048e,565.91
d6139193-8ae3-4219-b41f-712416e3b486,579.41
d62b2732-ab41-4600-96e1-3af7fca808f2,278.98
d631426f-7ea8-47ff-b420-700df41acb3b,263.59
d639e76d-48e1-4d2f-b56f-98186703be63,36.34
d6c61576-e57e-475f-8681-fa86d3b35ef7,399.29
d6e74676-18e6-4689-8e9f-b0780182a23e,631.59
d6f6281f-7729-478d-a588-c5fcc084b94a,797.36
d7020f34-eb73-4572-af2a-45d4aaa8ea82,667.34
d74ea4b6-c2a4-41ff-8314-6eba7b3ffe15,378.55
d75d8622-96d8-4578-ad32-67c850465b06,412.39
d76c7c0f-8db1-455b-bbba-3b1cd9efa058,84.2
d7798fe8-a556-4ddf-89c0-9c36e75f2936,115.88
d7894a91-a9b8-47b5-afc3-2d5daa047fc9,70.23
d7c35085-df08-451e-bc5d-045fc06ac841,711.88
d7dd19c4-57f6-4f98-aa42-1e0a1d737d47,609.29
d7fb55d3-2d22-4e56-a87a-ea53f42979bb,284.55
d7fcb3f2-1595-4b33-b64c-db76dd80c5be,210.08
d8102290-93ea-4670-b4d9-a92f9c5b6229,888.75
d816a2cb-bb9d-4260-859b-65cab9d4dba7,359.96
d861fdfb-3322-4827-8ce1-0ab656f1aedf,982.97
d86ca0d7-7b47-46f0-bcd2-dfb0443a16b0,42.35
d87c040e-15a5-4eb5-93aa-0f64ed57b45c,327.01
d88e2c8e-997b-492a-b651-431a6e371ad1,36.85
d89cb77a-9a19-4524-bdc2-6f2c824c34be,292.13
d8ab0395-bd1c-435d-9a21-a7cb62303146,365
d8b539bd-92a8-42c8-abe6-57a824a7e1df,454.34
d8f13176-a4fd-4c68-a77c-2e3a344d00b8,214.27
d8fd0d4c-f3e5-43b1-aa3c-5a3f0e877f5f,323.25
d909ecf2-768f-4635-b54b-64f8686ce588,88.9
d973e0a2-c716-4d53-8aeb-becd6a6faee9,952.02
d99b0567-813e-4d09-9583-a4a7716cd45e,385.12
d9c45451-c78f-4169-9f15-f8b00aba3104,761.06
da15d9a6-2852-42e6-bd00-ed441e24349a,97.91
da2b2059-1710-49ab-bb31-516bdc5e70c5,846.27
da2fa8b3-624c-4688-9fb6-a060b170be45,822.91
da3e520c-6598-4098-b808-d6c283fe97d5,627.97
da5e6245-cb9a-46e0-a456-9b972f26e018,735.19
da5f7fd9-4a90-4b93-8690-7ceb54b0de0a,761.76
da65585e-3546-4e05-8b94-93fd713ac18f,791.4
daa2f7d1-f718-45d6-9365-3ee5d14f8bdb,373.24
daa83c93-408b-4bfa-86e7-707cc122b1e9,857.99
db1be5e5-5e37-4fa7-a120-09509626c272,476.25
db311ab5-b7f8-46b8-b7e7-da491b8960b9,978.96
db39fde4-44ed-4196-9406-494fee4ab1ed,159.59
db8ba0a3-3f3c-40b8-9dd6-0b9614e3efbe,765.86
db920213-ba0f-4586-bf0e-f161ef3d11db,686.67
db9e13aa-db56-4a9e-84ed-5fadb7ad48a8,106.6
db9eb52d-04d8-4f57-a6df-794d68dff69a,43.11
dba26b5c-b85f-4bfd-88c6-56bdb2da2907,808.24
dbb028ba-789a-4082-ba36-dc5c1ea62546,482.78
dbee7c24-39c3-4955-90f6-da2dccf11c8a,12.9
dc0057b7-9869-4043-971a-2461767e1e1a,297.69
dc231ca9-10ec-4db4-a931-c9263b13642b,181.91
dc4e25fa-2409-406b-8de9-df6f92a0562d,10.09
dcab7aaf-8970-49ef-a32f-9db16c84ac34,655.76
dcf52fd7-e1ca-4267-b1bd-88ea0e6a2e25,601.59
dcfad2f8-d756-4077-b95d-ad7c086d61b3,432.26
dd011622-455f-4c42-95d6-d465417d77c5,926.31
dd106817-4ee8-4ae9-bdae-746de7ce332e,891.81
dd152ea3-2ae1-4a14-a455-64678bd2e921,762.55
dd5dfa9e-7894-4e9a-8045-f3fddccc325c,52.33
dd7c6bce-8cea-4ed1-b526-5e52f0740d47,298.9
dd8bbdda-188b-4362-b512-87e3ccb1d5a1,471.07
dd9b365b-91ce-49ad-bc1a-4e91dbe1d360,240.4
de0be7ef-ad78-4f8d-8700-18685a8f284c,443.47
de497bae-4889-4d2e-b3cb-15e046a791e0,359.36
de4aacc7-82a4-4e6a-9ab0-e005c09c4059,672.6
de8bf12d-4e32-4807-b21b-ce12ad2a876e,554.67
de956361-025c-4eb2-acc8-45be95a15eea,261.67
dec4dfdf-8c44-4dde-b6c7-8fd611e48868,861.2
df1519ec-c2f1-4d2d-9bb7-f0e184814a00,216.49
df2be576-8f70-46d8-ac71-ba39d4158952,626.25
df45c937-82d1-44d3-8a22-fcab52f6dc10,29.3
df56c7a7-0655-471a-a43b-ee84269b1ff0,309.17
df5b55b9-1c63-4210-a300-025476cd8f62,728.65
df665b57-b419-4299-b0c0-ac7eac0f1981,512.77
dfc41866-4dd7-4600-a1ac-602d8d6e5ecc,57.75
dfcd6815-a1f3-4975-8bd1-aefdbac3b1ac,211.75
dfe4e178-f8e9-43f0-9f59-2eee5fa3fece,92.07
e0284f8c-376f-499c-9c66-6f8f5dbbb0af,409.85
e03c8c45-fdfe-4295-a009-14c2944c8931,120.71
e06b0305-335e-4719-9d94-93722c29a21f,40.55
e07a30c0-5988-4b2d-bd97-68a5e1252cf2,695.15
e09de7ac-dd8f-42a6-8e2a-5a0d6bc98dfc,74.26
e144a23e-12d3-4ee3-a735-e7078840c3ea,761.23
e164157d-9b63-4e5d-bdcb-26898f157f8b,40.42
e17e8806-77da-4843-85d0-b0353eb6bce1,845.43
e1cfb625-24bc-479c-9b44-e071befd1147,588.22
e209f576-5950-4a3b-98b8-e169712010fc,963.59
e33ad927-fe36-4d3c-b96d-9b46e1a41767,66.28
e345d974-63a3-45aa-b072-6044cef2e383,12.29
e34f8515-1911-4bca-bd00-fcdcad2f33e0,249.99
e41eedd3-a174-4228-8921-158758d95d01,590.32
e43a1fad-b135-40ba-93f6-463e066e1121,711.78
e43fcf56-538f-4464-a103-00ca21cf9101,375.8
e4562149-4df6-4ac3-949c-d529f119eb64,497.78
e45acc7f-46d8-49d5-b9e8-fddc5f04fd14,473.83
e47e5d3d-78c2-4531-971f-4c6d629603e5,261.46
e49335ff-bb50-4a18-a882-f1b43a790acf,814.96
e504e66f-67b4-4882-aacc-2c8103eabada,73.35
e510441e-4135-46d8-b2b8-74aae39749b0,400.39
e54d269f-4fbf-41f7-956b-e7c5c2696336,818.71
e5d06c5b-1212-4515-be11-c2b6858d90ca,290.71
e5e0c133-f52b-49ec-8947-925d2218f90d,330.32
e5eed6f1-8ef3-4185-99d8-68471fc20264,561.08
e6211379-3613-4f61-b6b0-c86aa6023d9b,740.85
e623ece7-6601-483c-bcfa-56ea04ba093b,692.08
e630fd86-1e81-441d-ac44-4cf44388bc40,115.48
e64e55fe-f7fb-42ce-8d31-91d478e92048,911.83
e6513f28-b143-44da-a739-afb3692f6b26,513.35
e67c7ae0-69ff-472d-8966-587a4e0baca0,297.87
e6a52205-44ae-468b-9523-7076afe4e637,944.55
e6e703e2-5ad6-48f6-b070-ddce18983114,983.68
e715fea6-d25e-4f3d-8325-4a0082c07219,383.64
e7173aeb-45f2-4aef-85b7-344b525f657c,495.59
e7430174-7a0c-4d5c-a57a-ec37d3d265ea,32.31
e774f9e1-fc09-4fed-8d28-755f342eea1f,950.96
e7b07d37-4be4-4f75-8862-3bd4b4a9a8ed,221.15
e7def887-e5ad-4c51-8aed-7f20fa917c44,170.67
e7ece15e-113c-4fdb-a4d3-67a85d09b030,384.13
e82337a5-0bcb-43a6-b556-cd6465ff6167,823.67
e83734bd-6b15-4c51-ad67-36760c2abd3f,692.02
e8942342-4835-46e7-afcf-f908b108a580,452.81
e8b05be9-3e8b-4138-80c9-d17d017b113f,641.67
e8c263ab-5c36-4c54-8fdf-e5bcd73fa55a,968.32
e8f4bf20-07df-494e-adb1-9c392a50a2ba,524.33
e942c523-9128-4ca6-b6bc-68821f425ba4,965.24
e9488cc5-5001-4038-9b7c-cfb09b6711e7,174.78
e97ff17e-89e7-4fcf-ba14-636e8f2074f0,445.78
e9a4f663-26d7-4b2a-b4c4-32d2322e3f19,345.64
e9c5a783-de93-4c4c-9bd0-1b5053e2048f,449.45
e9cde276-ef4d-464c-ad63-6212dc1d8d42,537.92
ea079965-1d2e-48c6-97d4-623720c0aab2,948.33
ea0ab933-4393-42d3-942f-d3d2d8490c1e,541.3
ea25ea09-535b-47aa-abc7-35fa1e95beff,707.27
ea38e5c6-7514-44da-926e-4fdb380b330b,390.3
ea56f1a6-b49b-42bb-941f-a2aaa06d6bac,841.56
ea5f64ef-6694-4586-986a-f490b4f9b044,322.36
ea6d8836-de52-4bc0-bb78-efa6be50ec26,978.06
ea744116-38a1-4c56-8e1f-2e566fcd5b6a,638.49
ea7f19f9-b954-402c-b598-e39c28dfa797,806.34
ea84a55c-c745-49c9-9bc7-b3125acc5bc5,491.93
eacce1b1-2cb3-4474-96a2-7e517b3e2c80,936.82
ead682aa-3e1b-4bec-a3a9-06bd05a5828d,935.5
ead69d9d-96aa-4339-82f4-b72ce8d4dcf4,601.66
eadcd1bb-98c2-435b-8432-f9a7db30eb53,354.54
eaeeb818-0947-48e9-93b5-a0fc64c7959c,713.53
eb00cff4-9175-48f0-8917-c8cb4b0a472b,518.06
eb05e3be-510a-47f6-ad39-26ccb304955b,510.4
eb0d213c-cc8a-4606-975c-ab18ff7441f5,485.07
eb25be30-a623-4ebf-81f8-221b0d960347,918.88
eb7312a8-f0d4-484d-9e11-1cf818e4c195,92.35
eb98147c-b22c-40c5-9ce2-480fc63bb017,530.44
ebd26cbb-ca0c-4e85-a4f6-ddc27576c370,561.18
ebd3192c-6d53-4a5f-b8a9-ddc00e6f68af,357.33
ebe128f9-0421-40e6-adbf-058d2687115a,544.32
ebfdce9a-2d01-48cc-bae6-8af71c5dce95,144.11
ec5dbc17-c3d4-4218-8212-141a12a21f21,256.89
ec659ca1-2ac8-480f-b3ae-a9c01aba9df4,217.85
ec89eeb6-981e-424a-9cf1-a1bdefcfce64,540.22
ecbe9276-93eb-42d8-b40d-9dc29c8ef350,165.28
ecbfcabc-98b6-470a-bfab-5c094c763ed2,258.16
ed06c0ed-d54e-415c-a194-d39f77d25836,659.28
ed467627-d50e-418a-bb31-f882473de28e,908.22
ed8acac0-09ca-4fd2-8208-bc929655d504,104.33
ed94c65c-3196-48c3-a24b-0fea4353deb9,739.46
edfc369e-8fe9-4f2f-b1cc-afd83819608f,564.71
ee078d85-6696-4d9d-8afa-d14bff458749,437.4
ee101e1c-b959-4278-8b5c-f0a008046740,308.92
ee95a078-91f9-4fec-af77-aac365662d55,585.73
ee9aac96-23d4-4d92-bebd-38516d370ebb,400.76
eea29086-d841-480e-925d-afdcd6076263,25.08
ef1a9bb3-410c-4043-8561-abe3b85bbea7,356.49
efa7d6a8-4b1c-4b1e-85e0-148876fca320,378.73
efcf15bd-465f-4a77-ac16-41a8fe11e94f,447.54
f03a90be-b0c9-4a50-87fb-193d5028da31,130.83
f0e0f7ec-6813-40df-8508-903f9e0e90d5,463.43
f0fd96a9-bd81-41b3-a456-ae0cdecb7647,377.55
f1fc29b0-7d86-42f9-8e5f-320b541d5a45,861.58
f2115fb4-ce79-4d66-b0f4-741cebe1b56b,173.6
f25ba1f8-b392-4e63-b019-9256767c1e24,118.34
f266e04f-849f-46e7-be43-780ff6e3ce6c,657.67
f2816eb7-38a1-4618-a639-4bddad9faf42,755.73
f2b8d20d-278a-4443-9a05-67ba1e166d10,512.61
f2da5ced-fd45-4422-8c6d-aec721b61e0a,216.84
f2dd9408-5637-4346-8ad3-129970848b75,824.11
f3a6de10-5dae-4107-900c-63d3b42201ea,336.99
f3ba1a77-c0c5-4a63-a785-707ee3e0e7ea,462.02
f44d5d79-0367-4c0c-8538-97cee3c79d78,890.17
f44e1c41-3c31-4053-93db-015611d554ac,981.79
f45196d3-bf68-423a-94ef-65138104c87b,481.2
f47ccd6c-9ff4-48e9-ab86-bf518e9be384,882.61
f4977e10-45c4-4a8b-8106-68a7ee00c557,807.28
f4a60f46-12d7-42e9-9791-01bdef6e20c2,882.44
f4bacb50-a7ec-4620-8b18-39d3150ecc53,75.8
f4d06de1-5b5f-458e-9a85-35af46f7f06d,494.82
f4d4eb6a-079f-46d2-a796-91e1af1f79c9,551.4
f4f514d5-c1c5-4ca2-bb60-61b6a2914dd9,570.93
f5183198-babd-4fcc-9e2e-896483bd3cb9,327.24
f535e24a-1248-49c5-89f8-1dd4d77b8743,323.01
f581a8d5-9c60-4ec6-a4e0-64cfcb58446b,545.27
f58a18e6-513a-40e5-bd6d-2242be5fa952,233.09
f5a72349-cd2c-4132-965c-1a2255827e53,790.06
f617cc55-f498-4d3e-9f81-b586956e2175,559.93
f68fabd0-0f2c-4818-97cc-5760ee21ba29,806.85
f6d09f58-ef7a-426a-81c7-447d55ccd1a2,681.08
f6edc7a3-78a1-491a-b3de-b387088f5fe4,112.16
f6ee680f-c760-42d2-a7b1-b33b7f695f39,199.23
f70c9673-7f5c-42d0-9b1e-872280544678,271.8
f71b5bfb-fd5a-4845-b04c-be05c1115ecc,620.88
f72d5fff-fe9b-4da0-bb54-d42ff65bddf1,448.69
f7312d85-facd-4066-8f09-e5acede3704c,981.33
f734435b-fc2f-4864-8066-d166ce919004,486.03
f749123e-d4b8-4a2b-b60e-24c9cfd28b97,82.1
f74dbf14-2720-4cfd-b9fd-71236df62256,695.88
f78fcdb3-2179-4a97-9648-38c5e781f2ed,244.27
f7de31ec-dcd8-41b5-acb9-5c2edd90a036,902.66
f7e49508-9fe4-485e-987e-9429c262bbf2,176.75
f808377f-b844-45fc-8c84-603cc35d6157,216.15
f82416a3-56bc-4080-8540-0548e5e7ad2f,89.51
f87345dc-1ba5-42c1-83d0-be450c1ff2b1,523.46
f8ad2a49-c0bf-4a00-a216-9bbdd9e1a73e,500.43
f8b4eb7e-a5a0-4357-9c34-3789b8761f6c,775.9
f8bcfea8-1691-4590-a67c-33b3963322b4,77.64
f8d1312e-08c6-4707-b02a-7f93c80fada7,186.6
f8f94d2c-6324-42cc-bf5b-a9fdaceb8f8d,785.64
f92de8f5-90d7-4dab-9932-a17a90f587f1,312.15
f9341679-7652-4ae3-baae-330c2298b49c,954.18
f9b8fd96-0339-4d31-909c-dd457b4c9bcd,459.09
f9bfc6f9-d7f7-4568-b9dc-04ba686d6b40,323.19
f9e2b2ac-3e24-4732-8239-c9e131790709,819.18
fa74d213-e133-4793-8935-cb5034a39444,386.01
fad0f590-63e9-4224-a33c-9c7e0f981fd7,644.39
fae0d76e-a475-4743-90da-bef27868bdd2,198.17
fb02f2d4-e12c-49ce-8a17-670526c91b37,915.31
fb23dff6-fc96-416d-a250-5b781087228e,504.22
fb3a9244-299a-4694-9359-57cd8cb2e70f,925.4
fb5878da-30ee-42c1-8927-51ce2c874438,61.87
fb5dc0be-44b5-4070-8a6c-736f8b4ca22e,137.33
fb77c41f-5199-485c-b92a-68b954af1eb5,92.21
fb7d5337-ec08-47f2-bda5-95d6001b471f,568.02
fb7d7f44-1908-4288-a7b5-894a1001514d,428.13
fb9c4709-4669-4d42-a9a4-49f7460232a7,663.4
fbb8e146-71b3-429d-a4b5-8aad7df88855,608.14
fbcc4cd3-98fc-47e9-be35-53458da26740,825.47
fc05b73d-448e-4f9c-9fdc-29cc5692af55,833.01
fc1ba663-e198-4f45-97b4-40e9fd987ccf,817.61
fc4ebdd7-a8d9-4435-8944-4e32584d51da,629.2
fc51e02a-e71c-4afd-8247-2c627c5a70f5,929.37
fc7540e3-ee77-4361-8889-f9487debdd96,851.41
fc8b166b-de99-438a-a4d4-f1b6097981a3,291.71
fce36e50-0f8d-4e46-9d3a-d16fed18decf,772.75
fcee53a9-1806-49a2-8521-c652144ee6bb,406.13
fd2c263e-22ad-422a-bcbd-245ddfe962f2,627.67
fd54b7be-6411-4ed2-b92a-59d45aa14d9f,371.51
fd760b0a-3d86-4cf2-b5df-a81e3c975e73,577.63
fd91059e-5ac3-43f2-8cfb-8d7f5e785e25,97.95
fdc89550-ebea-4cfe-b38e-9c6679b9add9,737.95
fdfcad10-9891-4b38-906f-e2cc73fdb1e8,115.41
fe3a928b-2d59-48e4-8366-224f167caffa,12.49
fe7fd28b-7023-4782-bd45-beb76b2bdcaf,79.1
fe81c44b-583c-472e-94de-0096766114b3,602.38
fe998a5e-8d02-4774-b8aa-49cebc8b9514,658.06
fe9ef99c-99cd-4f82-98c9-37351488c6ea,330.44
fea3e42f-bc49-4abc-ab6b-9242411ebe4a,958.37
fecc1269-2936-48e7-96d9-d885f1d3af9e,380.91
fef6312d-a11a-4138-b96b-4d185ab85cfe,848.95
fefeb768-4b71-4279-b5a7-caa3b6fb4807,960.41
ff2dffff-46a1-4671-853c-a05857ffbc13,961.94
ff332bd5-4854-4f50-a411-3322fe29477f,458.89
ff656f15-e11c-49e6-bc10-da20e9f8375d,569.41
ff7acb93-0243-475f-b331-1a52098cb9d1,847.95
ffc2c2f9-98ac-454c-ac9a-e563068bb147,584.68
ffdee04b-2afe-4b28-a934-ece460bed552,591.1
fffcce75-40ee-471a-9825-70171bb5a9ef,325.62
